window_id,strategy,family,config_id,profile,threshold_name,params_json,AAPL_total_return,AAPL_sharpe,AAPL_max_drawdown,AAPL_win_rate,AAPL_profit_factor,AAPL_trades,AAPL_sharpe_delta,AAPL_pf_improved,AAPL_sharpe_improved,AAPL_both_improved,TSLA_total_return,TSLA_sharpe,TSLA_max_drawdown,TSLA_win_rate,TSLA_profit_factor,TSLA_trades,TSLA_sharpe_delta,TSLA_pf_improved,TSLA_sharpe_improved,TSLA_both_improved,NVDA_total_return,NVDA_sharpe,NVDA_max_drawdown,NVDA_win_rate,NVDA_profit_factor,NVDA_trades,NVDA_sharpe_delta,NVDA_pf_improved,NVDA_sharpe_improved,NVDA_both_improved,CBA_AX_total_return,CBA_AX_sharpe,CBA_AX_max_drawdown,CBA_AX_win_rate,CBA_AX_profit_factor,CBA_AX_trades,CBA_AX_sharpe_delta,CBA_AX_pf_improved,CBA_AX_sharpe_improved,CBA_AX_both_improved,mean_sharpe,median_sharpe,pooled_profit_factor,sharpe_improved_n,pf_improved_n,both_improved_n,zero_trade_n,stable_this_window
evaluation_early_third,Mini TradingAgents,mta_team_weights_manager_threshold,mta_baseline_b0.20_s-0.15,baseline,default,"{""buy_threshold"":0.2,""factor_weight"":0.35,""flow_weight"":0.25,""mean_reversion_weight"":0.35,""momentum_weight"":0.4,""news_score"":0.0,""news_weight"":0.15,""risk_weight"":0.15,""sell_threshold"":-0.15,""stop_loss_mult"":1.5,""take_profit_mult"":3.0,""technical_weight"":0.35,""volatility_weight"":0.35}",-0.0065275626821501564,-2.9839803983218984,-0.007768465254063495,0.35294117647058826,0.42994702796815965,17,0.0,False,False,False,0.0037575962724012424,2.4791904143438135,-0.005573753902028966,0.3333333333333333,1.544706066893183,15,0.0,False,False,False,-0.004667229470456169,-2.4751886144869966,-0.008270959345047735,0.4117647058823529,0.5790907582409573,17,0.0,False,False,False,-0.005118935369059163,-5.063564137459416,-0.007108224220556458,0.22727272727272727,0.41525848210851146,22,0.0,False,False,False,-2.010885683981124,-2.7295845064044473,0.6712350970860511,0,0,0,0,False
evaluation_early_third,Mini TradingAgents,mta_team_weights_manager_threshold,mta_baseline_b0.35_s-0.35,baseline,round1_mislabelled,"{""buy_threshold"":0.35,""factor_weight"":0.35,""flow_weight"":0.25,""mean_reversion_weight"":0.35,""momentum_weight"":0.4,""news_score"":0.0,""news_weight"":0.15,""risk_weight"":0.15,""sell_threshold"":-0.35,""stop_loss_mult"":1.5,""take_profit_mult"":3.0,""technical_weight"":0.35,""volatility_weight"":0.35}",0.0016486620776865468,1.9791902187565573,-0.0012493762697761701,0.4,2.277291825982243,5,4.963170617078456,True,True,True,0.0035046766553252784,2.7797778215441795,-0.0023462141796279923,0.3333333333333333,2.126792611063228,6,0.30058740720036603,True,True,True,0.0014271820884483866,1.339162037730186,-0.0025576521172930855,0.42857142857142855,2.004580435170327,7,3.8143506522171826,True,True,True,0.00158669227818109,2.1414643314580744,-0.0019648324817365115,0.4444444444444444,1.9739690714247569,9,7.20502846891749,True,True,True,2.0598986023722494,2.0603272751073156,2.0961474677057055,4,4,4,0,True
evaluation_early_third,Mini TradingAgents,mta_team_weights_manager_threshold,mta_baseline_b0.50_s-0.35,baseline,strict,"{""buy_threshold"":0.5,""factor_weight"":0.35,""flow_weight"":0.25,""mean_reversion_weight"":0.35,""momentum_weight"":0.4,""news_score"":0.0,""news_weight"":0.15,""risk_weight"":0.15,""sell_threshold"":-0.35,""stop_loss_mult"":1.5,""take_profit_mult"":3.0,""technical_weight"":0.35,""volatility_weight"":0.35}",-0.0005855839151949205,-1.165660236592707,-0.0011968329342932904,0.0,0.0,1,1.8183201617291915,False,True,False,0.004066993619700421,3.2970649192968047,-0.00224067320816812,0.5,2.8663400457714303,4,0.8178745049529912,True,True,True,0.0,0.0,0.0,0.0,0.0,0,2.4751886144869966,False,True,False,0.0005519601342238722,1.425498607453167,-0.0008491943223466469,0.4,1.7156776111997614,5,6.489062744912583,True,True,True,0.8892258225393161,0.7127493037265835,2.1406740219784695,4,2,2,1,False
evaluation_early_third,Mini TradingAgents,mta_team_weights_manager_threshold,mta_factor_heavy_b0.20_s-0.15,factor_heavy,default,"{""buy_threshold"":0.2,""factor_weight"":0.55,""flow_weight"":0.25,""mean_reversion_weight"":0.35,""momentum_weight"":0.4,""news_score"":0.0,""news_weight"":0.15,""risk_weight"":0.1,""sell_threshold"":-0.15,""stop_loss_mult"":1.5,""take_profit_mult"":3.0,""technical_weight"":0.2,""volatility_weight"":0.35}",-0.006038868314277912,-2.7706181599919355,-0.006893327260095505,0.3125,0.42898822011311977,16,0.21336223832996293,False,True,False,0.0037641383578415066,2.4946597348810013,-0.0055672726345494805,0.3333333333333333,1.557417365604171,15,0.015469320537187858,True,True,True,-0.005029195996557045,-2.664532974942416,-0.008631615324945052,0.4117647058823529,0.5607781167538951,17,-0.18934436045541947,False,False,False,-0.004846189946557278,-4.777372521968708,-0.006836024159151077,0.30434782608695654,0.4517358394109375,23,0.2861916154907078,True,True,True,-1.9294659805055145,-2.7175755674671755,0.677012755295966,3,2,2,0,False
evaluation_early_third,Mini TradingAgents,mta_team_weights_manager_threshold,mta_factor_heavy_b0.35_s-0.35,factor_heavy,round1_mislabelled,"{""buy_threshold"":0.35,""factor_weight"":0.55,""flow_weight"":0.25,""mean_reversion_weight"":0.35,""momentum_weight"":0.4,""news_score"":0.0,""news_weight"":0.15,""risk_weight"":0.1,""sell_threshold"":-0.35,""stop_loss_mult"":1.5,""take_profit_mult"":3.0,""technical_weight"":0.2,""volatility_weight"":0.35}",-0.0032930990429229645,-1.8813568041654707,-0.006560306503891611,0.375,0.5344321515188507,8,1.1026235941564277,True,True,True,0.0014430063959645079,1.1193798679029332,-0.0029408273443806143,0.25,1.279136320045383,8,-1.3598105464408803,False,False,False,0.004031009149676024,3.5956607422727314,-0.0017642398717397922,0.5555555555555556,3.753396441378018,9,6.070849356759728,True,True,True,0.0011490269593110725,1.4911984833223357,-0.00238902204598046,0.4,1.6144844678801886,10,6.5547626207817515,True,True,True,1.0812205723331325,1.3052891756126344,1.2137764810646963,3,3,3,0,True
evaluation_early_third,Mini TradingAgents,mta_team_weights_manager_threshold,mta_factor_heavy_b0.50_s-0.35,factor_heavy,strict,"{""buy_threshold"":0.5,""factor_weight"":0.55,""flow_weight"":0.25,""mean_reversion_weight"":0.35,""momentum_weight"":0.4,""news_score"":0.0,""news_weight"":0.15,""risk_weight"":0.1,""sell_threshold"":-0.35,""stop_loss_mult"":1.5,""take_profit_mult"":3.0,""technical_weight"":0.2,""volatility_weight"":0.35}",0.000789416822521094,1.0655771044042528,-0.0011968329342934014,0.3333333333333333,1.6330583174134945,3,4.0495575027261514,True,True,True,0.0017372896894267686,1.4235432344679533,-0.002320666187110687,0.3333333333333333,1.7455842122036795,3,-1.0556471798758602,True,False,False,0.0,0.0,0.0,0.0,0.0,0,2.4751886144869966,False,True,False,4.792022978206134e-05,0.1181679300704566,-0.001273595984568332,0.3333333333333333,1.037576206297531,6,5.181732067529873,True,True,True,0.6518220672356657,0.5918725172373547,1.5305909874773949,3,3,2,1,False
evaluation_early_third,Mini TradingAgents,mta_team_weights_manager_threshold,mta_risk_heavy_b0.20_s-0.15,risk_heavy,default,"{""buy_threshold"":0.2,""factor_weight"":0.27,""flow_weight"":0.25,""mean_reversion_weight"":0.35,""momentum_weight"":0.4,""news_score"":0.0,""news_weight"":0.15,""risk_weight"":0.3,""sell_threshold"":-0.15,""stop_loss_mult"":1.5,""take_profit_mult"":3.0,""technical_weight"":0.28,""volatility_weight"":0.35}",-0.007759349566437201,-3.523956505979618,-0.008698057240002721,0.35,0.3979708903978936,20,-0.5399761076577194,False,False,False,-0.000513182732943096,-0.2825981154672455,-0.010124995953818772,0.22727272727272727,0.9582066029821152,22,-2.761788529811059,False,False,False,-0.005451651636466215,-2.8045709275277746,-0.00860457811288673,0.4230769230769231,0.5901009995529811,26,-0.32938231304077803,True,False,False,-0.0037353776343548306,-3.4925950826277536,-0.005731034289668591,0.2727272727272727,0.5619331750893428,22,1.5709690548316622,True,True,True,-2.5259301579005977,-3.1485830050777643,0.6284776481326854,1,2,1,0,False
evaluation_early_third,Mini TradingAgents,mta_team_weights_manager_threshold,mta_risk_heavy_b0.35_s-0.35,risk_heavy,round1_mislabelled,"{""buy_threshold"":0.35,""factor_weight"":0.27,""flow_weight"":0.25,""mean_reversion_weight"":0.35,""momentum_weight"":0.4,""news_score"":0.0,""news_weight"":0.15,""risk_weight"":0.3,""sell_threshold"":-0.35,""stop_loss_mult"":1.5,""take_profit_mult"":3.0,""technical_weight"":0.28,""volatility_weight"":0.35}",-0.003835409765029718,-1.7980812523405,-0.007310837521912195,0.36363636363636365,0.5209206053273038,11,1.1858991459813983,True,True,True,0.003042600009296237,2.2383984619949673,-0.003492041399974055,0.3,1.6027236704838848,10,-0.2407919523488462,True,False,False,-0.00023224879891536876,-0.16759059620515399,-0.004459474363605498,0.46153846153846156,0.957978668323622,13,2.3075980182818427,True,True,True,-0.0014013255997182839,-1.6825226297397846,-0.0033983843858406138,0.42857142857142855,0.6910378551125403,14,3.3810415077196314,True,True,True,-0.35244900407261787,-0.9250566129724693,0.8950362091065551,3,4,3,0,False
evaluation_early_third,Mini TradingAgents,mta_team_weights_manager_threshold,mta_risk_heavy_b0.50_s-0.35,risk_heavy,strict,"{""buy_threshold"":0.5,""factor_weight"":0.27,""flow_weight"":0.25,""mean_reversion_weight"":0.35,""momentum_weight"":0.4,""news_score"":0.0,""news_weight"":0.15,""risk_weight"":0.3,""sell_threshold"":-0.35,""stop_loss_mult"":1.5,""take_profit_mult"":3.0,""technical_weight"":0.28,""volatility_weight"":0.35}",0.0017254716963968075,2.1787215923172947,-0.0012020562549724945,0.5,2.885364814846785,4,5.162701990639193,True,True,True,-0.0011450767471600232,-4.4771427526437675,-0.0012586735613890898,0.0,0.0,3,-6.956333166987581,False,False,False,-0.0013219185485473517,-5.1188019689657365,-0.0013322454795938743,0.0,0.0,4,-2.64361335447874,False,False,False,0.0001089455462732758,0.16604238980006805,-0.002718539996126035,0.375,1.0437425181763627,8,5.229606527259484,True,True,True,-1.8127951848730353,-2.15555018142185,0.8922867610153664,2,2,2,0,False
evaluation_early_third,Mini TradingAgents,mta_team_weights_manager_threshold,mta_technical_factor_no_risk_b0.20_s-0.15,technical_factor_no_risk,default,"{""buy_threshold"":0.2,""factor_weight"":0.43,""flow_weight"":0.25,""mean_reversion_weight"":0.35,""momentum_weight"":0.4,""news_score"":0.0,""news_weight"":0.15,""risk_weight"":0.0,""sell_threshold"":-0.15,""stop_loss_mult"":1.5,""take_profit_mult"":3.0,""technical_weight"":0.42,""volatility_weight"":0.35}",0.00012124386218781424,0.08903505374666426,-0.002958586232712057,0.3,1.0377984552760033,10,3.073015452068563,True,True,True,0.006827308628380768,4.816253432139707,-0.0023462141796281033,0.5,3.55165262393969,10,2.3370630177958933,True,True,True,-0.001226960746633532,-0.8885669888888943,-0.004993425474319246,0.3333333333333333,0.8059666667587054,12,1.5866216255981023,True,True,True,-0.00038107084535032865,-0.45329627257321137,-0.0041089239374419995,0.4,0.8946901714121571,15,4.610267864886205,True,True,True,0.8908563061060663,-0.18213060941327355,1.337467178123501,4,4,4,0,True
evaluation_early_third,Mini TradingAgents,mta_team_weights_manager_threshold,mta_technical_factor_no_risk_b0.35_s-0.35,technical_factor_no_risk,round1_mislabelled,"{""buy_threshold"":0.35,""factor_weight"":0.43,""flow_weight"":0.25,""mean_reversion_weight"":0.35,""momentum_weight"":0.4,""news_score"":0.0,""news_weight"":0.15,""risk_weight"":0.0,""sell_threshold"":-0.35,""stop_loss_mult"":1.5,""take_profit_mult"":3.0,""technical_weight"":0.42,""volatility_weight"":0.35}",-0.0013831083289462809,-2.3221765146924533,-0.0016468297540087606,0.0,0.0,2,0.6618038836294451,False,True,False,0.0048005572013907205,3.6458025664253917,-0.002329139989551754,0.6,3.2013634743102393,5,1.1666121520815782,True,True,True,0.00039389174339476973,3.4641016151377544,0.0,1.0,inf,1,5.939290229624751,True,True,True,-0.0004912538911473474,-1.1038706083496075,-0.001812057612297413,0.2857142857142857,0.7292554502992247,7,3.959693529109808,True,True,True,0.9209642646302711,1.1801155033940733,1.6173134365508015,4,3,3,0,True
evaluation_early_third,Mini TradingAgents,mta_team_weights_manager_threshold,mta_technical_factor_no_risk_b0.50_s-0.35,technical_factor_no_risk,strict,"{""buy_threshold"":0.5,""factor_weight"":0.43,""flow_weight"":0.25,""mean_reversion_weight"":0.35,""momentum_weight"":0.4,""news_score"":0.0,""news_weight"":0.15,""risk_weight"":0.0,""sell_threshold"":-0.35,""stop_loss_mult"":1.5,""take_profit_mult"":3.0,""technical_weight"":0.42,""volatility_weight"":0.35}",-0.00037513527289223525,-1.4967741411639957,-0.0012493762697761701,0.0,0.0,1,1.4872062571579028,False,True,False,0.004066993619700421,3.2970649192968047,-0.00224067320816812,0.5,2.8663400457714303,4,0.8178745049529912,True,True,True,0.0,0.0,0.0,0.0,0.0,0,2.4751886144869966,False,True,False,0.0013232014383890434,3.6107071386239227,-0.0008491943223466469,1.0,inf,2,8.674271276083338,True,True,True,1.352749479189183,1.6485324596484023,2.963407641657714,4,2,2,1,False
evaluation_early_third,Mini TradingAgents,mta_team_weights_manager_threshold,mta_technical_heavy_b0.20_s-0.15,technical_heavy,default,"{""buy_threshold"":0.2,""factor_weight"":0.2,""flow_weight"":0.25,""mean_reversion_weight"":0.35,""momentum_weight"":0.4,""news_score"":0.0,""news_weight"":0.15,""risk_weight"":0.1,""sell_threshold"":-0.15,""stop_loss_mult"":1.5,""take_profit_mult"":3.0,""technical_weight"":0.55,""volatility_weight"":0.35}",-0.0012276092743467304,-0.7897618243676529,-0.003620171954276552,0.3076923076923077,0.7558901645587636,13,2.1942185739542457,True,True,True,0.009868525384437277,6.618407247807301,-0.002483788729279124,0.5454545454545454,4.56844561805225,11,4.139216833463488,True,True,True,-0.0028553153342086857,-2.0967102271599236,-0.005221542643316424,0.18181818181818182,0.5774690646270376,11,0.37847838732707295,False,True,False,-0.0016275910572659535,-1.9021255079228252,-0.00500362410398314,0.3333333333333333,0.6653490250895149,18,3.1614386295365904,True,True,True,0.45745242208922493,-1.345943666145239,1.2141580263488045,4,3,3,0,True
evaluation_early_third,Mini TradingAgents,mta_team_weights_manager_threshold,mta_technical_heavy_b0.35_s-0.35,technical_heavy,round1_mislabelled,"{""buy_threshold"":0.35,""factor_weight"":0.2,""flow_weight"":0.25,""mean_reversion_weight"":0.35,""momentum_weight"":0.4,""news_score"":0.0,""news_weight"":0.15,""risk_weight"":0.1,""sell_threshold"":-0.35,""stop_loss_mult"":1.5,""take_profit_mult"":3.0,""technical_weight"":0.55,""volatility_weight"":0.35}",-0.001169592240134798,-1.9509221310119897,-0.001433370051953542,0.0,0.0,2,1.0330582673099087,False,True,False,0.0035037930688357477,2.784809864533774,-0.0023173721950242587,0.6,2.6087901750614617,5,0.3056194501899605,True,True,True,-0.00067639365969141,-2.4551417113295195,-0.0009635039292198444,0.3333333333333333,0.33587143544846526,3,0.020046903157477036,False,True,False,-0.0011836177067980902,-2.1483587042946906,-0.0025035065017829927,0.3333333333333333,0.5278408061185347,6,2.9152054331647252,True,True,True,-0.9424031705256064,-2.04964041765334,1.0689952427074887,4,2,2,0,False
evaluation_early_third,Mini TradingAgents,mta_team_weights_manager_threshold,mta_technical_heavy_b0.50_s-0.35,technical_heavy,strict,"{""buy_threshold"":0.5,""factor_weight"":0.2,""flow_weight"":0.25,""mean_reversion_weight"":0.35,""momentum_weight"":0.4,""news_score"":0.0,""news_weight"":0.15,""risk_weight"":0.1,""sell_threshold"":-0.35,""stop_loss_mult"":1.5,""take_profit_mult"":3.0,""technical_weight"":0.55,""volatility_weight"":0.35}",-0.00037513527289223525,-1.4967741411639957,-0.0012493762697761701,0.0,0.0,1,1.4872062571579028,False,True,False,0.004395478037725775,3.5523340288561274,-0.0022406732081682312,0.6,3.0164215963831214,5,1.0731436145123139,True,True,True,0.0,0.0,0.0,0.0,0.0,0,2.4751886144869966,False,True,False,-0.0010929762881644045,-6.123399106866568,-0.0010929762881644045,0.0,0.0,2,-1.0598349694071523,False,False,False,-1.016959804793609,-0.7483870705819978,1.8024683981872978,3,1,1,1,False
evaluation_early_third,Mini TradingAgents,mta_team_weights_manager_threshold,mta_uniform_b0.20_s-0.15,uniform,default,"{""buy_threshold"":0.2,""factor_weight"":0.28,""flow_weight"":0.25,""mean_reversion_weight"":0.35,""momentum_weight"":0.4,""news_score"":0.0,""news_weight"":0.15,""risk_weight"":0.29,""sell_threshold"":-0.15,""stop_loss_mult"":1.5,""take_profit_mult"":3.0,""technical_weight"":0.28,""volatility_weight"":0.35}",-0.007759349566437201,-3.523956505979618,-0.008698057240002721,0.35,0.3979708903978936,20,-0.5399761076577194,False,False,False,-0.0013218669089082313,-0.7510210208206503,-0.010921062740983256,0.22727272727272727,0.8960323604919921,22,-3.2302114351644637,False,False,False,-0.005451651636466215,-2.8045709275277746,-0.00860457811288673,0.4230769230769231,0.5901009995529811,26,-0.32938231304077803,True,False,False,-0.0037353776343548306,-3.4925950826277536,-0.005731034289668591,0.2727272727272727,0.5619331750893428,22,1.5709690548316622,True,True,True,-2.643035884238949,-3.1485830050777643,0.6148363059491239,1,2,1,0,False
evaluation_early_third,Mini TradingAgents,mta_team_weights_manager_threshold,mta_uniform_b0.35_s-0.35,uniform,round1_mislabelled,"{""buy_threshold"":0.35,""factor_weight"":0.28,""flow_weight"":0.25,""mean_reversion_weight"":0.35,""momentum_weight"":0.4,""news_score"":0.0,""news_weight"":0.15,""risk_weight"":0.29,""sell_threshold"":-0.35,""stop_loss_mult"":1.5,""take_profit_mult"":3.0,""technical_weight"":0.28,""volatility_weight"":0.35}",-0.003835409765029718,-1.7980812523405,-0.007310837521912195,0.36363636363636365,0.5209206053273038,11,1.1858991459813983,True,True,True,0.003042600009296237,2.2383984619949673,-0.003492041399974055,0.3,1.6027236704838848,10,-0.2407919523488462,True,False,False,0.0029237185187545034,2.607748907150298,-0.0017688930372078415,0.45454545454545453,2.2489286209990875,11,5.0829375216372945,True,True,True,-0.0012500741050582853,-1.5022958304731286,-0.0032474353731828387,0.42857142857142855,0.7148828725738089,14,3.561268306986287,True,True,True,0.3864425715829092,0.3680513157609193,1.044533200517764,3,4,3,0,True
evaluation_early_third,Mini TradingAgents,mta_team_weights_manager_threshold,mta_uniform_b0.50_s-0.35,uniform,strict,"{""buy_threshold"":0.5,""factor_weight"":0.28,""flow_weight"":0.25,""mean_reversion_weight"":0.35,""momentum_weight"":0.4,""news_score"":0.0,""news_weight"":0.15,""risk_weight"":0.29,""sell_threshold"":-0.35,""stop_loss_mult"":1.5,""take_profit_mult"":3.0,""technical_weight"":0.28,""volatility_weight"":0.35}",0.0017254716963968075,2.1787215923172947,-0.0012020562549724945,0.5,2.885364814846785,4,5.162701990639193,True,True,True,-0.0008337890117839919,-4.838929764699716,-0.0008337890117839919,0.0,0.0,3,-7.31812017904353,False,False,False,-0.000919541572952598,-3.727808139157692,-0.001057352371637288,0.0,0.0,2,-1.2526195246706955,False,False,False,0.00034296378639075975,0.5249037233323354,-0.0024800515320220207,0.42857142857142855,1.2602199245455454,7,5.588467860791751,True,True,True,-1.4657781470519444,-1.6014522079126783,1.0790430001694586,2,2,2,0,False
evaluation_middle_third,Mini TradingAgents,mta_team_weights_manager_threshold,mta_baseline_b0.20_s-0.15,baseline,default,"{""buy_threshold"":0.2,""factor_weight"":0.35,""flow_weight"":0.25,""mean_reversion_weight"":0.35,""momentum_weight"":0.4,""news_score"":0.0,""news_weight"":0.15,""risk_weight"":0.15,""sell_threshold"":-0.15,""stop_loss_mult"":1.5,""take_profit_mult"":3.0,""technical_weight"":0.35,""volatility_weight"":0.35}",0.008193900654157149,5.942537178054816,-0.002225742230062777,0.5,2.662167407904208,24,0.0,False,False,False,0.004109822739805313,1.9608378425850619,-0.0073322381410029225,0.45454545454545453,1.4151683620050473,22,0.0,False,False,False,-0.0005592140624387509,-0.20491952105725011,-0.0075471019513011495,0.34782608695652173,0.9559640621239306,23,0.0,False,False,False,0.00035832100973487435,0.3225904098782868,-0.004179353955097831,0.25,1.0607879132104208,20,0.0,False,False,False,2.0052614773652286,1.1417141262316743,1.3621166028389031,0,0,0,0,False
evaluation_middle_third,Mini TradingAgents,mta_team_weights_manager_threshold,mta_baseline_b0.35_s-0.35,baseline,round1_mislabelled,"{""buy_threshold"":0.35,""factor_weight"":0.35,""flow_weight"":0.25,""mean_reversion_weight"":0.35,""momentum_weight"":0.4,""news_score"":0.0,""news_weight"":0.15,""risk_weight"":0.15,""sell_threshold"":-0.35,""stop_loss_mult"":1.5,""take_profit_mult"":3.0,""technical_weight"":0.35,""volatility_weight"":0.35}",0.007263996683213092,6.931820920565694,-0.0014349506245674437,0.6363636363636364,4.8335501044223586,11,0.989283742510878,True,True,True,-0.0025501112078074595,-1.9889673283245624,-0.006396268758351975,0.42857142857142855,0.5332728804291974,7,-3.9498051709096242,False,False,False,-0.009684384887706843,-4.33913212531578,-0.011221029124036996,0.3125,0.33255324771246114,16,-4.13421260425853,False,False,False,0.0038781934213580893,4.604830047750438,-0.0020870403020597506,0.2857142857142857,3.7785791778615296,7,4.282239637872151,True,True,True,1.3021378786689475,1.3079313597129378,0.9530473917509067,2,2,2,0,False
evaluation_middle_third,Mini TradingAgents,mta_team_weights_manager_threshold,mta_baseline_b0.50_s-0.35,baseline,strict,"{""buy_threshold"":0.5,""factor_weight"":0.35,""flow_weight"":0.25,""mean_reversion_weight"":0.35,""momentum_weight"":0.4,""news_score"":0.0,""news_weight"":0.15,""risk_weight"":0.15,""sell_threshold"":-0.35,""stop_loss_mult"":1.5,""take_profit_mult"":3.0,""technical_weight"":0.35,""volatility_weight"":0.35}",0.0004257550466126858,0.7404355078947551,-0.002134139343858421,0.4,1.212141198754728,5,-5.202101670160061,False,False,False,-1.936257293899679e-05,-0.02373808228295763,-0.003773889308548939,0.6666666666666666,0.9889264787673384,3,-1.9845759248680195,False,False,False,0.0034829474749846767,5.173148601317022,-0.0012525377991390307,0.3333333333333333,5.216001188491293,3,5.378068122374272,True,True,True,-0.0005074004824392464,-1.8499609843690596,-0.001123316224814097,0.3333333333333333,0.3162876852067695,3,-2.1725513942473462,False,False,False,1.00997126063994,0.35834871280589875,1.6352562669477513,1,1,1,0,False
evaluation_middle_third,Mini TradingAgents,mta_team_weights_manager_threshold,mta_factor_heavy_b0.20_s-0.15,factor_heavy,default,"{""buy_threshold"":0.2,""factor_weight"":0.55,""flow_weight"":0.25,""mean_reversion_weight"":0.35,""momentum_weight"":0.4,""news_score"":0.0,""news_weight"":0.15,""risk_weight"":0.1,""sell_threshold"":-0.15,""stop_loss_mult"":1.5,""take_profit_mult"":3.0,""technical_weight"":0.2,""volatility_weight"":0.35}",0.00883578907942506,6.516273121329116,-0.0023799183192814155,0.5217391304347826,3.0952732332199178,23,0.5737359432742997,True,True,True,0.0037164251727086484,1.7971931948703763,-0.007491480288003172,0.47619047619047616,1.3948428998308613,21,-0.16364464771468556,False,False,False,-0.0015609079342524534,-0.6042942499125656,-0.007809438051468942,0.34782608695652173,0.8887122611769708,23,-0.39937472885531555,False,False,False,0.00011724095921117339,0.10976299397039355,-0.004268713945236202,0.23809523809523808,1.0191120137209766,21,-0.21282741590789325,False,False,False,1.95473376506433,0.9534780944203849,1.3287553101194167,1,1,1,0,False
evaluation_middle_third,Mini TradingAgents,mta_team_weights_manager_threshold,mta_factor_heavy_b0.35_s-0.35,factor_heavy,round1_mislabelled,"{""buy_threshold"":0.35,""factor_weight"":0.55,""flow_weight"":0.25,""mean_reversion_weight"":0.35,""momentum_weight"":0.4,""news_score"":0.0,""news_weight"":0.15,""risk_weight"":0.1,""sell_threshold"":-0.35,""stop_loss_mult"":1.5,""take_profit_mult"":3.0,""technical_weight"":0.2,""volatility_weight"":0.35}",0.008948332745027487,7.404154591889517,-0.001254154072640401,0.6923076923076923,6.241984529746311,13,1.4616174138347011,True,True,True,0.0038857285697717625,2.1209699095142884,-0.007446476910162092,0.5,1.6072280332530076,12,0.16013206692922655,True,True,True,-0.004812059203519348,-1.9541581749201355,-0.009703006177160245,0.3888888888888889,0.6648485409100621,18,-1.7492386538628855,False,False,False,0.0033097347503066032,3.8311031941042386,-0.001898630357759723,0.3,2.5391810523422054,10,3.508512784225952,True,True,True,2.850517380146977,2.9760365518092637,1.460370922570948,3,3,3,0,True
evaluation_middle_third,Mini TradingAgents,mta_team_weights_manager_threshold,mta_factor_heavy_b0.50_s-0.35,factor_heavy,strict,"{""buy_threshold"":0.5,""factor_weight"":0.55,""flow_weight"":0.25,""mean_reversion_weight"":0.35,""momentum_weight"":0.4,""news_score"":0.0,""news_weight"":0.15,""risk_weight"":0.1,""sell_threshold"":-0.35,""stop_loss_mult"":1.5,""take_profit_mult"":3.0,""technical_weight"":0.2,""volatility_weight"":0.35}",0.004056299501552507,6.033793172819604,-0.0014988146829149063,0.5,3.8537425922835022,6,0.09125599476478818,True,True,True,-0.003917455365497258,-3.5352179144485785,-0.006543285311248592,0.25,0.18028244349829936,4,-5.49605575703364,False,False,False,0.00013426995089638183,0.21239784486847083,-0.0027737332031357864,0.2,1.1179435381350131,5,0.41731736592572094,True,True,True,0.002181538032308028,4.806090578471145,-0.001123316224814097,0.5,3.6258216844742015,4,4.483500168592858,True,True,True,1.8792659204276605,2.5092442116698077,1.300459709806771,3,3,3,0,True
evaluation_middle_third,Mini TradingAgents,mta_team_weights_manager_threshold,mta_risk_heavy_b0.20_s-0.15,risk_heavy,default,"{""buy_threshold"":0.2,""factor_weight"":0.27,""flow_weight"":0.25,""mean_reversion_weight"":0.35,""momentum_weight"":0.4,""news_score"":0.0,""news_weight"":0.15,""risk_weight"":0.3,""sell_threshold"":-0.15,""stop_loss_mult"":1.5,""take_profit_mult"":3.0,""technical_weight"":0.28,""volatility_weight"":0.35}",0.007990670314092174,5.775299430278244,-0.002270497108342706,0.4230769230769231,2.6829015144034156,26,-0.1672377477765723,True,False,False,0.0048245940802511544,2.337594295026019,-0.008784551660373396,0.5,1.494578953982004,24,0.376756452440957,True,True,True,-0.0025801420754419935,-0.999061414895222,-0.007907663334033033,0.35714285714285715,0.8341771274333822,28,-0.794141893837972,False,False,False,-0.0018761002094291879,-1.6624538957682637,-0.004476920817237051,0.14285714285714285,0.7329893648783746,21,-1.9850443056465505,False,False,False,1.3628446036601942,0.6692664400653985,1.2253771312349557,1,2,1,0,False
evaluation_middle_third,Mini TradingAgents,mta_team_weights_manager_threshold,mta_risk_heavy_b0.35_s-0.35,risk_heavy,round1_mislabelled,"{""buy_threshold"":0.35,""factor_weight"":0.27,""flow_weight"":0.25,""mean_reversion_weight"":0.35,""momentum_weight"":0.4,""news_score"":0.0,""news_weight"":0.15,""risk_weight"":0.3,""sell_threshold"":-0.35,""stop_loss_mult"":1.5,""take_profit_mult"":3.0,""technical_weight"":0.28,""volatility_weight"":0.35}",0.00572002742488964,4.970853711956449,-0.0019537488485813492,0.6111111111111112,2.982591584212262,18,-0.9716834660983666,True,False,False,0.004534666082648187,2.4160982125813004,-0.007091674265319092,0.5714285714285714,1.7623552686028872,14,0.45526036999623853,True,True,True,-0.005903650670515348,-2.4757386683189977,-0.00925629871512923,0.3157894736842105,0.5737041088910162,19,-2.2708191472617476,False,False,False,0.00011625252584246404,0.11425761842767565,-0.0038011983453812848,0.25,1.0236840095658368,16,-0.20833279145061115,False,False,False,1.2563677186616067,1.265177915504488,1.1619139300713386,1,2,1,0,False
evaluation_middle_third,Mini TradingAgents,mta_team_weights_manager_threshold,mta_risk_heavy_b0.50_s-0.35,risk_heavy,strict,"{""buy_threshold"":0.5,""factor_weight"":0.27,""flow_weight"":0.25,""mean_reversion_weight"":0.35,""momentum_weight"":0.4,""news_score"":0.0,""news_weight"":0.15,""risk_weight"":0.3,""sell_threshold"":-0.35,""stop_loss_mult"":1.5,""take_profit_mult"":3.0,""technical_weight"":0.28,""volatility_weight"":0.35}",0.0025464056563675452,5.121593355484995,-0.0011841891688475492,0.6666666666666666,3.0602217664832865,6,-0.8209438225698209,True,False,False,-0.0025855452012493174,-2.4890352677097947,-0.0046091219858671595,0.25,0.24986358298810593,4,-4.449873110294856,False,False,False,-0.0028431483688194925,-5.901744598735234,-0.00368678359702046,0.16666666666666666,0.04503179913977269,6,-5.696825077677984,False,False,False,0.001434841795678432,2.4608259967940285,-0.0020545748254457985,0.3333333333333333,2.069085081633512,3,2.1382355869157417,True,True,True,-0.2020901285415012,-0.014104635457883097,0.8392100273744334,1,2,1,0,False
evaluation_middle_third,Mini TradingAgents,mta_team_weights_manager_threshold,mta_technical_factor_no_risk_b0.20_s-0.15,technical_factor_no_risk,default,"{""buy_threshold"":0.2,""factor_weight"":0.43,""flow_weight"":0.25,""mean_reversion_weight"":0.35,""momentum_weight"":0.4,""news_score"":0.0,""news_weight"":0.15,""risk_weight"":0.0,""sell_threshold"":-0.15,""stop_loss_mult"":1.5,""take_profit_mult"":3.0,""technical_weight"":0.42,""volatility_weight"":0.35}",0.009860484697512328,7.263171512044708,-0.001854001632119573,0.6111111111111112,4.14422461737299,18,1.3206343339898918,True,True,True,0.00307111655143788,1.68917972411065,-0.006585984952760859,0.4666666666666667,1.3545171055872176,15,-0.2716581184744118,False,False,False,-0.004535409204223573,-1.7835077621801638,-0.010516821812237342,0.34782608695652173,0.7113150020672964,23,-1.5785882411229137,False,False,False,0.002267889208179996,2.491648302049963,-0.0023278986535022472,0.1875,1.6455919919189443,16,2.169057892171676,True,True,True,2.4151229440062894,2.0904140130803066,1.343754858338811,2,2,2,0,False
evaluation_middle_third,Mini TradingAgents,mta_team_weights_manager_threshold,mta_technical_factor_no_risk_b0.35_s-0.35,technical_factor_no_risk,round1_mislabelled,"{""buy_threshold"":0.35,""factor_weight"":0.43,""flow_weight"":0.25,""mean_reversion_weight"":0.35,""momentum_weight"":0.4,""news_score"":0.0,""news_weight"":0.15,""risk_weight"":0.0,""sell_threshold"":-0.35,""stop_loss_mult"":1.5,""take_profit_mult"":3.0,""technical_weight"":0.42,""volatility_weight"":0.35}",0.003783199773839341,4.856175155923857,-0.0018009986528121358,0.45454545454545453,2.5648471264898856,11,-1.0863620221309587,False,False,False,-0.001574966600990546,-1.5052508301361365,-0.004169257542906757,0.375,0.6697463678395812,8,-3.4660886727211984,False,False,False,5.697808089588641e-05,0.056583365686368806,-0.003685055790663916,0.375,1.0131861122959223,8,0.26150288674361893,True,True,True,0.001905085266100448,3.942698644888835,-0.0011547973673931011,0.2857142857142857,2.7213103362529,7,3.620108235010548,True,True,True,1.8375515840907313,1.999641005287602,1.3305978531962994,2,2,2,0,False
evaluation_middle_third,Mini TradingAgents,mta_team_weights_manager_threshold,mta_technical_factor_no_risk_b0.50_s-0.35,technical_factor_no_risk,strict,"{""buy_threshold"":0.5,""factor_weight"":0.43,""flow_weight"":0.25,""mean_reversion_weight"":0.35,""momentum_weight"":0.4,""news_score"":0.0,""news_weight"":0.15,""risk_weight"":0.0,""sell_threshold"":-0.35,""stop_loss_mult"":1.5,""take_profit_mult"":3.0,""technical_weight"":0.42,""volatility_weight"":0.35}",0.003231613682534329,5.897471831287438,-0.000793294203967787,1.0,inf,4,-0.04506534676737761,True,False,False,-0.004586894865169278,-7.065770164883564,-0.005673816406611354,0.25,0.1589137351009502,4,-9.026608007468626,False,False,False,0.0026893077667096144,3.4083815259369823,-0.0015344733163469293,0.5,7.745338527680696,2,3.6133010469942324,True,True,True,0.0011831798651202874,2.8636389659532426,-0.001123316224814097,0.5,2.5922594165559536,4,2.541048556074956,True,True,True,1.2759305395735248,3.1360102459451125,1.3816661073140462,2,3,2,0,False
evaluation_middle_third,Mini TradingAgents,mta_team_weights_manager_threshold,mta_technical_heavy_b0.20_s-0.15,technical_heavy,default,"{""buy_threshold"":0.2,""factor_weight"":0.2,""flow_weight"":0.25,""mean_reversion_weight"":0.35,""momentum_weight"":0.4,""news_score"":0.0,""news_weight"":0.15,""risk_weight"":0.1,""sell_threshold"":-0.15,""stop_loss_mult"":1.5,""take_profit_mult"":3.0,""technical_weight"":0.55,""volatility_weight"":0.35}",0.00921148209763789,6.496906725505935,-0.0019554253283809997,0.6086956521739131,2.9594981717109827,23,0.5543695474511194,True,True,True,0.006431915397273169,3.9167834891730196,-0.003740125744328804,0.5,2.267796485227625,14,1.9559456465879577,True,True,True,-0.004460727332686321,-1.7439043561612668,-0.011740530020972084,0.36,0.6975163770220333,25,-1.5389848351040167,False,False,False,0.0018822270011684683,1.989674356161243,-0.002906927711191609,0.17647058823529413,1.5412721999391323,17,1.6670839462829563,True,True,True,2.664865053669733,2.9532289226671313,1.4666258082301893,3,3,3,0,True
evaluation_middle_third,Mini TradingAgents,mta_team_weights_manager_threshold,mta_technical_heavy_b0.35_s-0.35,technical_heavy,round1_mislabelled,"{""buy_threshold"":0.35,""factor_weight"":0.2,""flow_weight"":0.25,""mean_reversion_weight"":0.35,""momentum_weight"":0.4,""news_score"":0.0,""news_weight"":0.15,""risk_weight"":0.1,""sell_threshold"":-0.35,""stop_loss_mult"":1.5,""take_profit_mult"":3.0,""technical_weight"":0.55,""volatility_weight"":0.35}",0.001884190678528297,2.444331330121546,-0.0025773134760670446,0.4444444444444444,1.760445972332467,9,-3.49820584793327,False,False,False,0.0019032184382907769,1.7085142043259636,-0.0046134875998465885,0.375,1.3986463785226455,8,-0.2523236382590983,False,False,False,-0.00844846699853874,-3.905463285627809,-0.011033347847236974,0.3,0.33303796892133114,10,-3.700543764570559,False,False,False,0.001915695111015081,4.284296646401338,-0.0005162223441287361,0.6,4.830729806556688,5,3.9617062365230513,True,True,True,1.1329197238052595,2.0764227672237547,0.865549415615553,1,1,1,0,False
evaluation_middle_third,Mini TradingAgents,mta_team_weights_manager_threshold,mta_technical_heavy_b0.50_s-0.35,technical_heavy,strict,"{""buy_threshold"":0.5,""factor_weight"":0.2,""flow_weight"":0.25,""mean_reversion_weight"":0.35,""momentum_weight"":0.4,""news_score"":0.0,""news_weight"":0.15,""risk_weight"":0.1,""sell_threshold"":-0.35,""stop_loss_mult"":1.5,""take_profit_mult"":3.0,""technical_weight"":0.55,""volatility_weight"":0.35}",0.0028115180382835003,5.120909898691909,-0.0009936763732408815,1.0,inf,3,-0.8216272793629074,True,False,False,-0.0013301624051967886,-2.0959375161213525,-0.003770824687677976,0.5,0.23827711674676158,2,-4.056775358706414,False,False,False,0.0026893077667096144,3.4083815259369823,-0.0015344733163469293,0.5,7.745338527680696,2,3.6133010469942324,True,True,True,0.0015146360222257904,4.423988098821136,-0.0004176540948134244,0.5,9.581311934186372,2,4.101397688942849,True,True,True,2.7143355018321684,3.916184812379059,3.4490291054160016,2,3,2,0,False
evaluation_middle_third,Mini TradingAgents,mta_team_weights_manager_threshold,mta_uniform_b0.20_s-0.15,uniform,default,"{""buy_threshold"":0.2,""factor_weight"":0.28,""flow_weight"":0.25,""mean_reversion_weight"":0.35,""momentum_weight"":0.4,""news_score"":0.0,""news_weight"":0.15,""risk_weight"":0.29,""sell_threshold"":-0.15,""stop_loss_mult"":1.5,""take_profit_mult"":3.0,""technical_weight"":0.28,""volatility_weight"":0.35}",0.007990670314092174,5.775299430278244,-0.002270497108342706,0.4230769230769231,2.6829015144034156,26,-0.1672377477765723,True,False,False,0.0048245940802511544,2.337594295026019,-0.008784551660373396,0.5,1.494578953982004,24,0.376756452440957,True,True,True,-0.002665645027327024,-1.0327543199315565,-0.007992709588780733,0.35714285714285715,0.829612074298852,28,-0.8278347988743064,False,False,False,-0.0018761002094291879,-1.6624538957682637,-0.004476920817237051,0.14285714285714285,0.7329893648783746,21,-1.9850443056465505,False,False,False,1.3544213774011107,0.6524199875472312,1.2225620962397166,1,2,1,0,False
evaluation_middle_third,Mini TradingAgents,mta_team_weights_manager_threshold,mta_uniform_b0.35_s-0.35,uniform,round1_mislabelled,"{""buy_threshold"":0.35,""factor_weight"":0.28,""flow_weight"":0.25,""mean_reversion_weight"":0.35,""momentum_weight"":0.4,""news_score"":0.0,""news_weight"":0.15,""risk_weight"":0.29,""sell_threshold"":-0.35,""stop_loss_mult"":1.5,""take_profit_mult"":3.0,""technical_weight"":0.28,""volatility_weight"":0.35}",0.00572002742488964,4.970853711956449,-0.0019537488485813492,0.6111111111111112,2.982591584212262,18,-0.9716834660983666,True,False,False,0.004534666082648187,2.4160982125813004,-0.007091674265319092,0.5714285714285714,1.7623552686028872,14,0.45526036999623853,True,True,True,-0.005903650670515348,-2.4757386683189977,-0.00925629871512923,0.3157894736842105,0.5737041088910162,19,-2.2708191472617476,False,False,False,0.00011625252584246404,0.11425761842767565,-0.0038011983453812848,0.25,1.0236840095658368,16,-0.20833279145061115,False,False,False,1.2563677186616067,1.265177915504488,1.1619139300713386,1,2,1,0,False
evaluation_middle_third,Mini TradingAgents,mta_team_weights_manager_threshold,mta_uniform_b0.50_s-0.35,uniform,strict,"{""buy_threshold"":0.5,""factor_weight"":0.28,""flow_weight"":0.25,""mean_reversion_weight"":0.35,""momentum_weight"":0.4,""news_score"":0.0,""news_weight"":0.15,""risk_weight"":0.29,""sell_threshold"":-0.35,""stop_loss_mult"":1.5,""take_profit_mult"":3.0,""technical_weight"":0.28,""volatility_weight"":0.35}",0.0025464056563675452,5.121593355484995,-0.0011841891688475492,0.6666666666666666,3.0602217664832865,6,-0.8209438225698209,True,False,False,-0.0025855452012493174,-2.4890352677097947,-0.0046091219858671595,0.25,0.24986358298810593,4,-4.449873110294856,False,False,False,-0.0028431483688194925,-5.901744598735234,-0.00368678359702046,0.16666666666666666,0.04503179913977269,6,-5.696825077677984,False,False,False,0.0006397118452721173,1.0940226804015944,-0.002131332558907517,0.25,1.2993152363529108,4,0.7714322705233077,True,True,True,-0.5437909576396097,-0.6975062936541001,0.7711008190385946,1,2,1,0,False
evaluation_late_third,Mini TradingAgents,mta_team_weights_manager_threshold,mta_baseline_b0.20_s-0.15,baseline,default,"{""buy_threshold"":0.2,""factor_weight"":0.35,""flow_weight"":0.25,""mean_reversion_weight"":0.35,""momentum_weight"":0.4,""news_score"":0.0,""news_weight"":0.15,""risk_weight"":0.15,""sell_threshold"":-0.15,""stop_loss_mult"":1.5,""take_profit_mult"":3.0,""technical_weight"":0.35,""volatility_weight"":0.35}",-0.0029252234393987164,-2.0989804742853027,-0.005420605748159724,0.13636363636363635,0.649634013778468,22,0.0,False,False,False,-0.01006863288550408,-5.262190261542435,-0.013100395308099033,0.13333333333333333,0.1957902141339421,15,0.0,False,False,False,-0.0037172076260997278,-2.485987205002558,-0.00672822180142274,0.4090909090909091,0.6899823345940835,22,0.0,False,False,False,0.005494550141418086,4.965077297264079,-0.0026671567785128136,0.4230769230769231,2.610452243120137,26,0.0,False,False,False,-1.2205201608915544,-2.29248383964393,0.6907587079785915,0,0,0,0,False
evaluation_late_third,Mini TradingAgents,mta_team_weights_manager_threshold,mta_baseline_b0.35_s-0.35,baseline,round1_mislabelled,"{""buy_threshold"":0.35,""factor_weight"":0.35,""flow_weight"":0.25,""mean_reversion_weight"":0.35,""momentum_weight"":0.4,""news_score"":0.0,""news_weight"":0.15,""risk_weight"":0.15,""sell_threshold"":-0.35,""stop_loss_mult"":1.5,""take_profit_mult"":3.0,""technical_weight"":0.35,""volatility_weight"":0.35}",-0.0003758866429115493,-0.3095656045265407,-0.00456965090518624,0.25,0.9291761298467833,12,1.789414869758762,True,True,True,-0.0028519814651611908,-2.727699410115522,-0.005280808200567644,0.2222222222222222,0.46609564933821057,9,2.5344908514269133,True,True,True,-0.0015345336148325783,-1.2211897335272426,-0.00409542712721811,0.45454545454545453,0.7571563221952385,11,1.2647974714753156,True,True,True,0.0005157331340721605,0.7152471737673143,-0.002534829838672925,0.4,1.1564555782156845,15,-4.249830123496765,False,False,False,-0.8858018936004977,-0.7653776690268916,0.7904376480790827,3,3,3,0,False
evaluation_late_third,Mini TradingAgents,mta_team_weights_manager_threshold,mta_baseline_b0.50_s-0.35,baseline,strict,"{""buy_threshold"":0.5,""factor_weight"":0.35,""flow_weight"":0.25,""mean_reversion_weight"":0.35,""momentum_weight"":0.4,""news_score"":0.0,""news_weight"":0.15,""risk_weight"":0.15,""sell_threshold"":-0.35,""stop_loss_mult"":1.5,""take_profit_mult"":3.0,""technical_weight"":0.35,""volatility_weight"":0.35}",0.0019189742897478546,1.9554039824787057,-0.001331323214718294,0.3333333333333333,2.436727743819146,3,4.054384456764009,True,True,True,0.0022570553182066355,3.615903109356363,-0.0014749808466757441,1.0,inf,1,8.878093370898798,True,True,True,1.9860598406529206e-05,0.06059096743341809,-0.0011078405138940095,0.5,1.0697743420551178,2,2.5465781724359764,True,True,True,-0.000969778275839217,-4.534058006215513,-0.001064922787617828,0.3333333333333333,0.0499254852253033,3,-9.499135303479592,False,False,False,0.2744600132632433,1.0079974749560618,2.221532837749972,3,3,3,0,True
evaluation_late_third,Mini TradingAgents,mta_team_weights_manager_threshold,mta_factor_heavy_b0.20_s-0.15,factor_heavy,default,"{""buy_threshold"":0.2,""factor_weight"":0.55,""flow_weight"":0.25,""mean_reversion_weight"":0.35,""momentum_weight"":0.4,""news_score"":0.0,""news_weight"":0.15,""risk_weight"":0.1,""sell_threshold"":-0.15,""stop_loss_mult"":1.5,""take_profit_mult"":3.0,""technical_weight"":0.2,""volatility_weight"":0.35}",-0.0030104719018571036,-1.8780574036358475,-0.005743520741393504,0.20833333333333334,0.6650658870865436,24,0.22092307064945516,True,True,True,-0.006753746952184003,-3.3679745033963373,-0.009489182390528761,0.2222222222222222,0.5247483009932806,18,1.8942157581460979,True,True,True,-0.0055423217070258435,-3.709863840244362,-0.007054599387999683,0.34782608695652173,0.5757966369701238,23,-1.2238766352418038,False,False,False,0.005126184742533679,4.841821625162487,-0.0016319472137570346,0.44,2.4048478272631706,25,-0.1232556721015925,False,False,False,-1.028518530528515,-2.6230159535160924,0.7449383075722669,2,2,2,0,False
evaluation_late_third,Mini TradingAgents,mta_team_weights_manager_threshold,mta_factor_heavy_b0.35_s-0.35,factor_heavy,round1_mislabelled,"{""buy_threshold"":0.35,""factor_weight"":0.55,""flow_weight"":0.25,""mean_reversion_weight"":0.35,""momentum_weight"":0.4,""news_score"":0.0,""news_weight"":0.15,""risk_weight"":0.1,""sell_threshold"":-0.35,""stop_loss_mult"":1.5,""take_profit_mult"":3.0,""technical_weight"":0.2,""volatility_weight"":0.35}",-0.0014165944771870054,-1.1926202034426132,-0.004742108395350164,0.2857142857142857,0.7545905348075058,14,0.9063602708426894,True,True,True,-0.004588648748279689,-3.962467045694667,-0.007013245355511177,0.2,0.35174049303385796,10,1.2997232158477683,True,True,True,-0.003932459322312676,-2.782908884648222,-0.006044629550266745,0.3333333333333333,0.6010607539567813,15,-0.29692167964566396,False,False,False,0.002015118139851113,2.618166967929919,-0.00220600799491788,0.4375,1.6786968507948425,16,-2.34691032933416,False,False,False,-1.3299572914638957,-1.9877645440454177,0.691454168069125,2,2,2,0,False
evaluation_late_third,Mini TradingAgents,mta_team_weights_manager_threshold,mta_factor_heavy_b0.50_s-0.35,factor_heavy,strict,"{""buy_threshold"":0.5,""factor_weight"":0.55,""flow_weight"":0.25,""mean_reversion_weight"":0.35,""momentum_weight"":0.4,""news_score"":0.0,""news_weight"":0.15,""risk_weight"":0.1,""sell_threshold"":-0.35,""stop_loss_mult"":1.5,""take_profit_mult"":3.0,""technical_weight"":0.2,""volatility_weight"":0.35}",0.00018193835743929299,0.18160982075316484,-0.0030480880620057382,0.3333333333333333,1.0545060286380679,6,2.2805902950384676,True,True,True,-0.0013985125657596242,-2.099314879545323,-0.002184435757768055,0.3333333333333333,0.04865187428544197,3,3.1628753819971123,False,True,False,-0.00137033119073382,-3.052918483492244,-0.002067282906951018,0.25,0.18174588778953082,4,-0.5669312784896858,False,False,False,-0.0010783464635863993,-4.464493590013904,-0.0014665197478355152,0.3333333333333333,0.24186875489589335,6,-9.429570887277983,False,False,False,-2.3587792830745764,-2.5761166815187835,0.5363408855827643,2,1,1,0,False
evaluation_late_third,Mini TradingAgents,mta_team_weights_manager_threshold,mta_risk_heavy_b0.20_s-0.15,risk_heavy,default,"{""buy_threshold"":0.2,""factor_weight"":0.27,""flow_weight"":0.25,""mean_reversion_weight"":0.35,""momentum_weight"":0.4,""news_score"":0.0,""news_weight"":0.15,""risk_weight"":0.3,""sell_threshold"":-0.15,""stop_loss_mult"":1.5,""take_profit_mult"":3.0,""technical_weight"":0.28,""volatility_weight"":0.35}",-0.0026600025792244963,-1.6479723125918215,-0.00566360405393862,0.23076923076923078,0.7236880155268307,26,0.4510081616934811,True,True,True,-0.00591869536335321,-2.8162855111629783,-0.008964012781279673,0.3,0.558221550743345,20,2.445904750379457,True,True,True,-0.006737755585069283,-4.412102324129715,-0.008691670623923065,0.3103448275862069,0.5393433712763772,29,-1.9261151191271568,False,False,False,0.006509151651939105,6.0345466922451605,-0.0019520079246261313,0.41379310344827586,2.3948575440711783,29,1.0694693949810814,False,True,False,-0.7104533639098387,-2.2321289118773997,0.7918741264648759,3,2,2,0,False
evaluation_late_third,Mini TradingAgents,mta_team_weights_manager_threshold,mta_risk_heavy_b0.35_s-0.35,risk_heavy,round1_mislabelled,"{""buy_threshold"":0.35,""factor_weight"":0.27,""flow_weight"":0.25,""mean_reversion_weight"":0.35,""momentum_weight"":0.4,""news_score"":0.0,""news_weight"":0.15,""risk_weight"":0.3,""sell_threshold"":-0.35,""stop_loss_mult"":1.5,""take_profit_mult"":3.0,""technical_weight"":0.28,""volatility_weight"":0.35}",-0.0022194841680733823,-1.9161726429527361,-0.005475336146783749,0.17647058823529413,0.6443359707213228,17,0.1828078313325665,False,True,False,-0.012665195045542088,-7.336455862832429,-0.012665195045542088,0.09090909090909091,0.01799433420892639,11,-2.0742656012899934,False,False,False,-0.0019716884288240033,-1.4034689317151379,-0.005734055283875494,0.4375,0.785937964779613,16,1.0825182732874203,True,True,True,0.0040465384703796126,4.726729498474572,-0.0011532650543604195,0.4444444444444444,3.11001706926665,18,-0.23834779878950751,True,False,False,-1.4823419847564325,-1.659820787333937,0.576762222422184,2,2,1,0,False
evaluation_late_third,Mini TradingAgents,mta_team_weights_manager_threshold,mta_risk_heavy_b0.50_s-0.35,risk_heavy,strict,"{""buy_threshold"":0.5,""factor_weight"":0.27,""flow_weight"":0.25,""mean_reversion_weight"":0.35,""momentum_weight"":0.4,""news_score"":0.0,""news_weight"":0.15,""risk_weight"":0.3,""sell_threshold"":-0.35,""stop_loss_mult"":1.5,""take_profit_mult"":3.0,""technical_weight"":0.28,""volatility_weight"":0.35}",0.0015894381525121126,1.5816861332030965,-0.0021861406372678527,0.16666666666666666,1.724311418809043,6,3.680666607488399,True,True,True,-0.003304505031246241,-4.294302831238974,-0.0034881121626553213,0.14285714285714285,0.06574687986481599,7,0.9678874303034615,False,True,False,-0.00026881900493735955,-0.6466697230166688,-0.001652882981407644,0.5714285714285714,0.8090219604050328,7,1.8393174819858893,True,True,True,-0.0006053533734761141,-1.9438040575084163,-0.0014199158418911617,0.375,0.5456287523360002,8,-6.908881354772495,False,False,False,-1.3257726196402406,-1.2952368902625426,0.6943533093697601,3,2,2,0,False
evaluation_late_third,Mini TradingAgents,mta_team_weights_manager_threshold,mta_technical_factor_no_risk_b0.20_s-0.15,technical_factor_no_risk,default,"{""buy_threshold"":0.2,""factor_weight"":0.43,""flow_weight"":0.25,""mean_reversion_weight"":0.35,""momentum_weight"":0.4,""news_score"":0.0,""news_weight"":0.15,""risk_weight"":0.0,""sell_threshold"":-0.15,""stop_loss_mult"":1.5,""take_profit_mult"":3.0,""technical_weight"":0.42,""volatility_weight"":0.35}",-0.002144106370651988,-1.5939683146653256,-0.004986529911366611,0.15789473684210525,0.6885098483856523,19,0.505012159619977,True,True,True,-0.003827557533550574,-3.0285867353523703,-0.006775810819594441,0.18181818181818182,0.3904030446507023,11,2.233603526190065,True,True,True,-0.0008837296046181331,-0.566291439644817,-0.005001236911465479,0.47368421052631576,0.9151804933534767,19,1.9196957653577411,True,True,True,0.002133714729445124,2.11006710058349,-0.002686689640144624,0.38095238095238093,1.4339083395657402,21,-2.855010196680589,False,False,False,-0.7696948472697558,-1.0801298771550714,0.8343188761341686,3,3,3,0,False
evaluation_late_third,Mini TradingAgents,mta_team_weights_manager_threshold,mta_technical_factor_no_risk_b0.35_s-0.35,technical_factor_no_risk,round1_mislabelled,"{""buy_threshold"":0.35,""factor_weight"":0.43,""flow_weight"":0.25,""mean_reversion_weight"":0.35,""momentum_weight"":0.4,""news_score"":0.0,""news_weight"":0.15,""risk_weight"":0.0,""sell_threshold"":-0.35,""stop_loss_mult"":1.5,""take_profit_mult"":3.0,""technical_weight"":0.42,""volatility_weight"":0.35}",-0.0006321123319356081,-0.532916889131992,-0.005196020623102093,0.2857142857142857,0.8675517670725994,7,1.5660635851533107,True,True,True,-0.0005284439609901659,-0.5413193842823278,-0.0031916387668528,0.5,0.8124956147289109,4,4.720870877260108,True,True,True,0.000906714611794257,0.768547122975535,-0.0038680727145752325,0.6666666666666666,1.2690861783673404,6,3.254534327978093,True,True,True,-0.003035177262032618,-4.628446979531846,-0.0031244194285003912,0.38461538461538464,0.33938898162034487,13,-9.593524276795925,False,False,False,-1.2335340324926578,-0.5371181367071599,0.7885545957491731,3,3,3,0,False
evaluation_late_third,Mini TradingAgents,mta_team_weights_manager_threshold,mta_technical_factor_no_risk_b0.50_s-0.35,technical_factor_no_risk,strict,"{""buy_threshold"":0.5,""factor_weight"":0.43,""flow_weight"":0.25,""mean_reversion_weight"":0.35,""momentum_weight"":0.4,""news_score"":0.0,""news_weight"":0.15,""risk_weight"":0.0,""sell_threshold"":-0.35,""stop_loss_mult"":1.5,""take_profit_mult"":3.0,""technical_weight"":0.42,""volatility_weight"":0.35}",0.0029737335375390472,3.0561199644817023,-0.0008428999463550024,0.5,11.621020029637277,2,5.155100438767005,True,True,True,0.00221827577050715,3.5837207630153105,-0.001479106223533977,1.0,inf,1,8.845911024557745,True,True,True,-0.0009605064810507269,-3.464101615137755,-0.0009605064810507269,0.0,0.0,1,-0.9781144101351966,False,False,False,0.0003586518252038928,2.1390718810036145,-0.0003690496846193714,1.0,inf,3,-2.8260054162604646,True,False,False,1.328702748340718,2.5975959227426584,4.700268964667204,2,3,2,0,False
evaluation_late_third,Mini TradingAgents,mta_team_weights_manager_threshold,mta_technical_heavy_b0.20_s-0.15,technical_heavy,default,"{""buy_threshold"":0.2,""factor_weight"":0.2,""flow_weight"":0.25,""mean_reversion_weight"":0.35,""momentum_weight"":0.4,""news_score"":0.0,""news_weight"":0.15,""risk_weight"":0.1,""sell_threshold"":-0.15,""stop_loss_mult"":1.5,""take_profit_mult"":3.0,""technical_weight"":0.55,""volatility_weight"":0.35}",-0.004829128617056755,-3.4962141918244956,-0.0076917997719970765,0.19047619047619047,0.5313412331779417,21,-1.397233717539193,False,False,False,-0.0007400407178327351,-0.7021594949884415,-0.005051667880024313,0.3333333333333333,0.8055781524854763,12,4.560030766553994,True,True,True,0.0017474342672869625,1.2500721157975303,-0.0038680727145750105,0.5333333333333333,1.2639869563870934,15,3.7360593208000887,True,True,True,0.0037545741458864246,3.463329007016321,-0.00268452963495025,0.375,1.9705087849444753,24,-1.501748290247758,False,False,False,0.12875685900022849,0.2739563104045444,0.9972697230345601,2,2,2,0,False
evaluation_late_third,Mini TradingAgents,mta_team_weights_manager_threshold,mta_technical_heavy_b0.35_s-0.35,technical_heavy,round1_mislabelled,"{""buy_threshold"":0.35,""factor_weight"":0.2,""flow_weight"":0.25,""mean_reversion_weight"":0.35,""momentum_weight"":0.4,""news_score"":0.0,""news_weight"":0.15,""risk_weight"":0.1,""sell_threshold"":-0.35,""stop_loss_mult"":1.5,""take_profit_mult"":3.0,""technical_weight"":0.55,""volatility_weight"":0.35}",0.0009202239071892659,0.8167614213562039,-0.0034829545451044996,0.3333333333333333,1.2858290752406485,6,2.9157418956415064,True,True,True,9.669047553506616e-06,0.017524296228969196,-0.0031060360237776807,0.3333333333333333,1.0043778946487345,3,5.279714557771404,True,True,True,0.0005662145760030324,0.5133038779733455,-0.003887240270159631,0.75,1.3108147432775923,4,2.999291082975904,True,True,True,-0.0008209412833648511,-1.1876420267397538,-0.0020700826420011476,0.5,0.7712774637589133,12,-6.152719324003833,False,False,False,0.039986892204691205,0.2654140871011574,1.0622901508894815,3,3,3,0,True
evaluation_late_third,Mini TradingAgents,mta_team_weights_manager_threshold,mta_technical_heavy_b0.50_s-0.35,technical_heavy,strict,"{""buy_threshold"":0.5,""factor_weight"":0.2,""flow_weight"":0.25,""mean_reversion_weight"":0.35,""momentum_weight"":0.4,""news_score"":0.0,""news_weight"":0.15,""risk_weight"":0.1,""sell_threshold"":-0.35,""stop_loss_mult"":1.5,""take_profit_mult"":3.0,""technical_weight"":0.55,""volatility_weight"":0.35}",0.0027264279578695927,2.8507789337866924,-0.0008411488188049265,1.0,inf,1,4.949759408071995,True,True,True,0.000677346548727753,0.9776972975554579,-0.0019784567567999733,0.5,1.4304347618180566,2,6.239887559097893,True,True,True,0.0,0.0,0.0,0.0,0.0,0,2.485987205002558,False,True,False,0.0,0.0,0.0,0.0,0.0,0,-4.965077297264079,False,False,False,0.9571190578355375,0.48884864877772893,3.163003372175421,3,2,2,2,False
evaluation_late_third,Mini TradingAgents,mta_team_weights_manager_threshold,mta_uniform_b0.20_s-0.15,uniform,default,"{""buy_threshold"":0.2,""factor_weight"":0.28,""flow_weight"":0.25,""mean_reversion_weight"":0.35,""momentum_weight"":0.4,""news_score"":0.0,""news_weight"":0.15,""risk_weight"":0.29,""sell_threshold"":-0.15,""stop_loss_mult"":1.5,""take_profit_mult"":3.0,""technical_weight"":0.28,""volatility_weight"":0.35}",-0.0026600025792244963,-1.6479723125918215,-0.00566360405393862,0.23076923076923078,0.7236880155268307,26,0.4510081616934811,True,True,True,-0.00591869536335321,-2.8162855111629783,-0.008964012781279673,0.3,0.558221550743345,20,2.445904750379457,True,True,True,-0.007151536144077597,-4.700361194159168,-0.009104637206500121,0.3103448275862069,0.5245051477491136,29,-2.2143739891566097,False,False,False,0.006509151651939105,6.0345466922451605,-0.0019520079246261313,0.41379310344827586,2.3948575440711783,29,1.0694693949810814,False,True,False,-0.7825180814172017,-2.2321289118773997,0.7842061019862901,3,2,2,0,False
evaluation_late_third,Mini TradingAgents,mta_team_weights_manager_threshold,mta_uniform_b0.35_s-0.35,uniform,round1_mislabelled,"{""buy_threshold"":0.35,""factor_weight"":0.28,""flow_weight"":0.25,""mean_reversion_weight"":0.35,""momentum_weight"":0.4,""news_score"":0.0,""news_weight"":0.15,""risk_weight"":0.29,""sell_threshold"":-0.35,""stop_loss_mult"":1.5,""take_profit_mult"":3.0,""technical_weight"":0.28,""volatility_weight"":0.35}",-0.0022194841680733823,-1.9161726429527361,-0.005475336146783749,0.17647058823529413,0.6443359707213228,17,0.1828078313325665,False,True,False,-0.012665195045542088,-7.336455862832429,-0.012665195045542088,0.09090909090909091,0.01799433420892639,11,-2.0742656012899934,False,False,False,-0.002085153783684346,-1.4912271768674403,-0.005734055283875383,0.4375,0.7763543108381863,16,0.9947600281351179,True,True,True,0.0038415827907405387,4.686174176173802,-0.0011532650543604195,0.4444444444444444,3.003420145635267,18,-0.27890312109027704,True,False,False,-1.5144203766197006,-1.7036999099100882,0.5678461640462601,2,2,1,0,False
evaluation_late_third,Mini TradingAgents,mta_team_weights_manager_threshold,mta_uniform_b0.50_s-0.35,uniform,strict,"{""buy_threshold"":0.5,""factor_weight"":0.28,""flow_weight"":0.25,""mean_reversion_weight"":0.35,""momentum_weight"":0.4,""news_score"":0.0,""news_weight"":0.15,""risk_weight"":0.29,""sell_threshold"":-0.35,""stop_loss_mult"":1.5,""take_profit_mult"":3.0,""technical_weight"":0.28,""volatility_weight"":0.35}",0.0021186543637596866,2.133240167587359,-0.0016589193527098978,0.2,2.2723149608241298,5,4.232220641872662,True,True,True,-0.002838591479315755,-3.7617535532141178,-0.002838591479315755,0.16666666666666666,0.07575688526605848,6,1.5004367083283174,False,True,False,-0.00026881900493735955,-0.6466697230166688,-0.001652882981407644,0.5714285714285714,0.8090219604050328,7,1.8393174819858893,True,True,True,-0.0007843811196778239,-2.5558631760362864,-0.0014199158418912727,0.25,0.47969653028157005,8,-7.5209404733003655,False,False,False,-1.2077615711699285,-1.6012664495264777,0.7682656304384254,3,2,2,0,False
evaluation_full,Mini TradingAgents,mta_team_weights_manager_threshold,mta_baseline_b0.20_s-0.15,baseline,default,"{""buy_threshold"":0.2,""factor_weight"":0.35,""flow_weight"":0.25,""mean_reversion_weight"":0.35,""momentum_weight"":0.4,""news_score"":0.0,""news_weight"":0.15,""risk_weight"":0.15,""sell_threshold"":-0.15,""stop_loss_mult"":1.5,""take_profit_mult"":3.0,""technical_weight"":0.35,""volatility_weight"":0.35}",-0.0010800550298788458,-0.3498129320344545,-0.007768465254063495,0.3387096774193548,0.9561913557999929,62,0.0,False,False,False,-0.002253371557055517,-0.6789472440533235,-0.017428578270920925,0.3333333333333333,0.9234735439746974,51,0.0,False,False,False,-0.009580940875558164,-2.7328278078649983,-0.01277786132466563,0.3709677419354839,0.7325771630179604,62,0.0,False,False,False,0.0007059340474764308,0.38648093691606833,-0.007108224220556458,0.3088235294117647,1.0391876926299084,68,0.0,False,False,False,-0.843776761759177,-0.514380088043889,0.886896840128741,0,0,0,0,False
evaluation_full,Mini TradingAgents,mta_team_weights_manager_threshold,mta_baseline_b0.35_s-0.35,baseline,round1_mislabelled,"{""buy_threshold"":0.35,""factor_weight"":0.35,""flow_weight"":0.25,""mean_reversion_weight"":0.35,""momentum_weight"":0.4,""news_score"":0.0,""news_weight"":0.15,""risk_weight"":0.15,""sell_threshold"":-0.35,""stop_loss_mult"":1.5,""take_profit_mult"":3.0,""technical_weight"":0.35,""volatility_weight"":0.35}",0.008545393342898944,4.768291741641664,-0.00456965090518624,0.42857142857142855,2.0002297198859793,28,5.118104673676118,True,True,True,-0.0019090502467679071,-0.9071248183436039,-0.009033860122148685,0.3181818181818182,0.8630530821811342,22,-0.2281775742902804,False,False,False,-0.009792865630107728,-3.52821880592621,-0.013861363035101881,0.38235294117647056,0.5592320502140014,34,-0.7953909980612117,False,False,False,0.0059895939293590494,4.479975341577389,-0.0037926951951939847,0.3870967741935484,1.9445148350854253,31,4.093494404661321,True,True,True,1.2032308647373098,1.7864252616168925,1.055503958404595,2,2,2,0,False
evaluation_full,Mini TradingAgents,mta_team_weights_manager_threshold,mta_baseline_b0.50_s-0.35,baseline,strict,"{""buy_threshold"":0.5,""factor_weight"":0.35,""flow_weight"":0.25,""mean_reversion_weight"":0.35,""momentum_weight"":0.4,""news_score"":0.0,""news_weight"":0.15,""risk_weight"":0.15,""sell_threshold"":-0.35,""stop_loss_mult"":1.5,""take_profit_mult"":3.0,""technical_weight"":0.35,""volatility_weight"":0.35}",0.0017585889199391858,1.4185736466436443,-0.0021776347427965304,0.3333333333333333,1.4478435635428688,9,1.7683865786780988,True,True,True,0.006313743166950214,4.078869757126707,-0.00504636641004752,0.625,2.604596221710238,8,4.7578170011800305,True,True,True,0.003502877246812197,4.644185702812409,-0.0012525377991390307,0.4,4.150756168133625,5,7.377013510677408,True,True,True,-0.0009255416302746955,-1.7753472615308172,-0.0022457714606367585,0.36363636363636365,0.6348315826758247,11,-2.1618281984468855,False,False,False,2.091570461262986,2.7487217018851755,1.9254225137349412,3,3,3,0,True
evaluation_full,Mini TradingAgents,mta_team_weights_manager_threshold,mta_factor_heavy_b0.20_s-0.15,factor_heavy,default,"{""buy_threshold"":0.2,""factor_weight"":0.55,""flow_weight"":0.25,""mean_reversion_weight"":0.35,""momentum_weight"":0.4,""news_score"":0.0,""news_weight"":0.15,""risk_weight"":0.1,""sell_threshold"":-0.15,""stop_loss_mult"":1.5,""take_profit_mult"":3.0,""technical_weight"":0.2,""volatility_weight"":0.35}",-0.0003516517538016961,-0.09799431852679173,-0.006991775536958955,0.3548387096774194,0.9853568330294833,62,0.25181861350766277,True,True,True,0.0009859785222641193,0.32188916269292955,-0.014296488187343193,0.3584905660377358,1.0323090503818055,53,1.0008364067462532,True,True,True,-0.012745305824177766,-3.6602655451238086,-0.015850364883336132,0.3492063492063492,0.6694187328995865,63,-0.9274377372588103,False,False,False,0.0003724232045272391,0.21160672336963804,-0.006836024159151077,0.3333333333333333,1.0200491594348708,69,-0.1748742135464303,False,False,False,-0.8061909943970081,0.05680620242142315,0.8948738011201722,2,2,2,0,False
evaluation_full,Mini TradingAgents,mta_team_weights_manager_threshold,mta_factor_heavy_b0.35_s-0.35,factor_heavy,round1_mislabelled,"{""buy_threshold"":0.35,""factor_weight"":0.55,""flow_weight"":0.25,""mean_reversion_weight"":0.35,""momentum_weight"":0.4,""news_score"":0.0,""news_weight"":0.15,""risk_weight"":0.1,""sell_threshold"":-0.35,""stop_loss_mult"":1.5,""take_profit_mult"":3.0,""technical_weight"":0.2,""volatility_weight"":0.35}",0.004201202049935793,1.7415662446268065,-0.006560306503891611,0.45714285714285713,1.2881567920533616,35,2.091379176661261,True,True,True,0.002148047291628208,0.8531586687783761,-0.011805356909582287,0.3548387096774194,1.1147868604028246,31,1.5321059128316996,True,True,True,-0.004729759103566877,-1.5408159168412316,-0.013067661919838214,0.40476190476190477,0.8161712076885905,42,1.1920118910237667,True,True,True,0.006486675418970078,4.657830980178359,-0.0032761381017071267,0.3888888888888889,1.9260004716418861,36,4.271350043262291,True,True,True,1.4279349941855775,1.2973624567025914,1.1227702381640998,4,4,4,0,True
evaluation_full,Mini TradingAgents,mta_team_weights_manager_threshold,mta_factor_heavy_b0.50_s-0.35,factor_heavy,strict,"{""buy_threshold"":0.5,""factor_weight"":0.55,""flow_weight"":0.25,""mean_reversion_weight"":0.35,""momentum_weight"":0.4,""news_score"":0.0,""news_weight"":0.15,""risk_weight"":0.1,""sell_threshold"":-0.35,""stop_loss_mult"":1.5,""take_profit_mult"":3.0,""technical_weight"":0.2,""volatility_weight"":0.35}",0.005031738996831958,3.490390016138556,-0.0030480880620057382,0.4,1.8353316407843536,15,3.8402029481730104,True,True,True,-0.0035824254896181795,-2.004511971980074,-0.008517177350971017,0.3,0.5826748999414726,10,-1.3255647279267506,False,False,False,-0.0012362452341392327,-1.5722715246185919,-0.0027737332031357864,0.2222222222222222,0.5605792206079251,9,1.1605562832464065,False,True,False,0.0011488120971445692,1.7426461884883186,-0.0024931891803311457,0.375,1.3252887476331994,16,1.3561652515722504,True,True,True,0.41406317700705214,0.08518733193486339,1.0649971674048793,3,2,2,0,False
evaluation_full,Mini TradingAgents,mta_team_weights_manager_threshold,mta_risk_heavy_b0.20_s-0.15,risk_heavy,default,"{""buy_threshold"":0.2,""factor_weight"":0.27,""flow_weight"":0.25,""mean_reversion_weight"":0.35,""momentum_weight"":0.4,""news_score"":0.0,""news_weight"":0.15,""risk_weight"":0.3,""sell_threshold"":-0.15,""stop_loss_mult"":1.5,""take_profit_mult"":3.0,""technical_weight"":0.28,""volatility_weight"":0.35}",-0.0025679241780693918,-0.8218814953406784,-0.008728993965913645,0.3333333333333333,0.906993787644988,72,-0.47206856330622393,False,False,False,-0.0016302977075720593,-0.455027051346016,-0.014456179150291404,0.35384615384615387,0.9540454642766941,65,0.2239201927073075,True,True,True,-0.014907595216506642,-4.212585641286536,-0.017453129155967084,0.35365853658536583,0.6534032028082926,82,-1.4797578334215373,False,False,False,0.0008682014064029797,0.470449393258488,-0.006507547259458901,0.2916666666666667,1.0430497293286392,72,0.08396845634241967,True,True,True,-1.2547611986786855,-0.6384542733433473,0.8555611599511908,2,2,2,0,False
evaluation_full,Mini TradingAgents,mta_team_weights_manager_threshold,mta_risk_heavy_b0.35_s-0.35,risk_heavy,round1_mislabelled,"{""buy_threshold"":0.35,""factor_weight"":0.27,""flow_weight"":0.25,""mean_reversion_weight"":0.35,""momentum_weight"":0.4,""news_score"":0.0,""news_weight"":0.15,""risk_weight"":0.3,""sell_threshold"":-0.35,""stop_loss_mult"":1.5,""take_profit_mult"":3.0,""technical_weight"":0.28,""volatility_weight"":0.35}",-0.00036093934382996906,-0.11888212241691581,-0.008003208382253213,0.391304347826087,0.9789317038786994,46,0.2309308096175387,True,True,True,-0.005282021040356244,-1.8025894001275584,-0.019101380823251635,0.3333333333333333,0.7838749117135001,36,-1.123642156074235,False,False,False,-0.008752577260058847,-2.854567590283137,-0.01546400223881983,0.3958333333333333,0.6999989532713433,48,-0.12173978241813854,False,False,False,0.002756101732020566,1.7217722789191718,-0.004428573162324367,0.375,1.2427747940527836,48,1.3352913420031034,True,True,True,-0.7635667084771098,-0.9607357612722371,0.858227133500738,2,2,2,0,False
evaluation_full,Mini TradingAgents,mta_team_weights_manager_threshold,mta_risk_heavy_b0.50_s-0.35,risk_heavy,strict,"{""buy_threshold"":0.5,""factor_weight"":0.27,""flow_weight"":0.25,""mean_reversion_weight"":0.35,""momentum_weight"":0.4,""news_score"":0.0,""news_weight"":0.15,""risk_weight"":0.3,""sell_threshold"":-0.35,""stop_loss_mult"":1.5,""take_profit_mult"":3.0,""technical_weight"":0.28,""volatility_weight"":0.35}",0.005872506124606769,4.268119817659842,-0.0021861406372678527,0.4375,2.3477991042162984,16,4.617932749694296,True,True,True,-0.007019848256443972,-5.343533709720308,-0.007898396150321396,0.14285714285714285,0.13460923935213767,14,-4.664586465666985,False,False,False,-0.004429008872926965,-6.46563311453415,-0.004680038119706076,0.29411764705882354,0.22256279062281242,17,-3.7328053066691513,False,False,False,0.0009376556565945382,0.9998541689657496,-0.002718539996126035,0.3684210526315789,1.1814622249884352,19,0.6133732320496813,True,True,True,-1.6352982094072166,-2.171839770377279,0.8011962014356643,2,2,2,0,False
evaluation_full,Mini TradingAgents,mta_team_weights_manager_threshold,mta_technical_factor_no_risk_b0.20_s-0.15,technical_factor_no_risk,default,"{""buy_threshold"":0.2,""factor_weight"":0.43,""flow_weight"":0.25,""mean_reversion_weight"":0.35,""momentum_weight"":0.4,""news_score"":0.0,""news_weight"":0.15,""risk_weight"":0.0,""sell_threshold"":-0.15,""stop_loss_mult"":1.5,""take_profit_mult"":3.0,""technical_weight"":0.42,""volatility_weight"":0.35}",0.007859499377240953,3.2275249441339766,-0.0049865299113665,0.3695652173913043,1.5989271360700565,46,3.577337876168431,True,True,True,0.006635683157516281,2.536425252228513,-0.010388334249989861,0.37142857142857144,1.3738954749993881,35,3.2153724962818364,True,True,True,-0.007294031106221621,-2.2266945979246175,-0.012878115144279056,0.3888888888888889,0.7790934027059504,54,0.5061332099403808,True,True,True,0.00477785744147563,2.975696955073507,-0.0041089239374419995,0.3269230769230769,1.3809986639096934,52,2.5892160181574386,True,True,True,1.6282381383778448,2.7560611036510103,1.1567337522361048,4,4,4,0,True
evaluation_full,Mini TradingAgents,mta_team_weights_manager_threshold,mta_technical_factor_no_risk_b0.35_s-0.35,technical_factor_no_risk,round1_mislabelled,"{""buy_threshold"":0.35,""factor_weight"":0.43,""flow_weight"":0.25,""mean_reversion_weight"":0.35,""momentum_weight"":0.4,""news_score"":0.0,""news_weight"":0.15,""risk_weight"":0.0,""sell_threshold"":-0.35,""stop_loss_mult"":1.5,""take_profit_mult"":3.0,""technical_weight"":0.42,""volatility_weight"":0.35}",0.0016343566943524124,1.076300897371323,-0.005196020623101982,0.3684210526315789,1.1905509497674587,19,1.4261138294057776,True,True,True,0.002687885373693799,1.3972519671603378,-0.004749434061073088,0.47058823529411764,1.2742755407847342,17,2.0761992112136616,True,True,True,0.0013580157098873613,0.8298721640337869,-0.0038680727145751215,0.5333333333333333,1.1765056062388,15,3.5626999718987853,True,True,True,-0.001626570155907836,-1.74778432152548,-0.004186469614713806,0.3333333333333333,0.7837487330251559,27,-2.1342652584415482,False,False,False,0.388910176759992,0.953086530702555,1.1206723464344792,3,3,3,0,True
evaluation_full,Mini TradingAgents,mta_team_weights_manager_threshold,mta_technical_factor_no_risk_b0.50_s-0.35,technical_factor_no_risk,strict,"{""buy_threshold"":0.5,""factor_weight"":0.43,""flow_weight"":0.25,""mean_reversion_weight"":0.35,""momentum_weight"":0.4,""news_score"":0.0,""news_weight"":0.15,""risk_weight"":0.0,""sell_threshold"":-0.35,""stop_loss_mult"":1.5,""take_profit_mult"":3.0,""technical_weight"":0.42,""volatility_weight"":0.35}",0.005837490455512073,5.093093029885715,-0.0013403947822068218,0.7142857142857143,9.899693555508115,7,5.44290596192017,True,True,True,0.0016785249869006869,1.107420249694663,-0.007517727094319859,0.4444444444444444,1.2192761808015569,9,1.7863674937479865,True,True,True,0.001726218188119466,2.066824883288244,-0.0015344733163469293,0.3333333333333333,2.2676181748370037,3,4.799652691153242,True,True,True,0.0028674981937415467,4.966360281773691,-0.0013968475108937506,0.7777777777777778,4.853824464424364,9,4.579879344857623,True,True,True,3.3084246111605786,3.5165925825309676,2.1625404681925664,4,4,4,0,True
evaluation_full,Mini TradingAgents,mta_team_weights_manager_threshold,mta_technical_heavy_b0.20_s-0.15,technical_heavy,default,"{""buy_threshold"":0.2,""factor_weight"":0.2,""flow_weight"":0.25,""mean_reversion_weight"":0.35,""momentum_weight"":0.4,""news_score"":0.0,""news_weight"":0.15,""risk_weight"":0.1,""sell_threshold"":-0.15,""stop_loss_mult"":1.5,""take_profit_mult"":3.0,""technical_weight"":0.55,""volatility_weight"":0.35}",0.0031468248895145656,1.2681523555560277,-0.0076917997719969655,0.39285714285714285,1.157835876449454,56,1.6179652875904822,True,True,True,0.015625855457155557,6.342725422962136,-0.005051667880024535,0.4722222222222222,2.3299029378543517,36,7.0216726670154594,True,True,True,-0.006227924721685318,-1.9288750738729032,-0.014324932736519802,0.37254901960784315,0.7828522212996498,51,0.8039527339920951,True,True,True,0.004759064402696023,2.830297586803338,-0.00500362410398314,0.3220338983050847,1.3739401329951946,59,2.4438166498872698,True,True,True,2.12807507286215,2.049224971179683,1.2367327109134287,4,4,4,0,True
evaluation_full,Mini TradingAgents,mta_team_weights_manager_threshold,mta_technical_heavy_b0.35_s-0.35,technical_heavy,round1_mislabelled,"{""buy_threshold"":0.35,""factor_weight"":0.2,""flow_weight"":0.25,""mean_reversion_weight"":0.35,""momentum_weight"":0.4,""news_score"":0.0,""news_weight"":0.15,""risk_weight"":0.1,""sell_threshold"":-0.35,""stop_loss_mult"":1.5,""take_profit_mult"":3.0,""technical_weight"":0.55,""volatility_weight"":0.35}",0.0017924172647818537,1.2045965932486296,-0.0034829545451046107,0.35294117647058826,1.2672163716216964,17,1.554409525283084,True,True,True,0.005423401383382265,2.95506983444564,-0.004782004246130844,0.4375,1.5901802019735802,16,3.634017078498964,True,True,True,-0.008558094986196418,-3.490493856250899,-0.011033347847236974,0.4117647058823529,0.4472260025866556,17,-0.7576660483859006,False,False,False,-9.17304609222569e-05,-0.0868642961665335,-0.002543840668042141,0.4782608695652174,0.9860976077906355,23,-0.47334523308260185,False,False,False,0.14557706881920937,0.558866148541048,0.9622405234521942,2,2,2,0,False
evaluation_full,Mini TradingAgents,mta_team_weights_manager_threshold,mta_technical_heavy_b0.50_s-0.35,technical_heavy,strict,"{""buy_threshold"":0.5,""factor_weight"":0.2,""flow_weight"":0.25,""mean_reversion_weight"":0.35,""momentum_weight"":0.4,""news_score"":0.0,""news_weight"":0.15,""risk_weight"":0.1,""sell_threshold"":-0.35,""stop_loss_mult"":1.5,""take_profit_mult"":3.0,""technical_weight"":0.55,""volatility_weight"":0.35}",0.005168395770199563,4.565139779175906,-0.0013403947822068218,0.8,14.777418823756863,5,4.914952711210361,True,True,True,0.0037388878023407734,2.410308058766549,-0.004291311162387901,0.5555555555555556,1.678290819611634,9,3.089255302819873,True,True,True,0.0026893077667096144,3.4084514961307795,-0.0015344733163469293,0.5,7.745338527680696,2,6.141279303995778,True,True,True,0.00042000427280397545,1.088768745400884,-0.0012692873898435542,0.25,1.3308976959550107,4,0.7022878084848158,True,True,True,2.8681670198685296,2.909379777448664,2.5904785492312588,4,4,4,0,True
evaluation_full,Mini TradingAgents,mta_team_weights_manager_threshold,mta_uniform_b0.20_s-0.15,uniform,default,"{""buy_threshold"":0.2,""factor_weight"":0.28,""flow_weight"":0.25,""mean_reversion_weight"":0.35,""momentum_weight"":0.4,""news_score"":0.0,""news_weight"":0.15,""risk_weight"":0.29,""sell_threshold"":-0.15,""stop_loss_mult"":1.5,""take_profit_mult"":3.0,""technical_weight"":0.28,""volatility_weight"":0.35}",-0.0025679241780693918,-0.8218814953406784,-0.008728993965913645,0.3333333333333333,0.906993787644988,72,-0.47206856330622393,False,False,False,-0.0024366480093365173,-0.6923224833633299,-0.01445617915029096,0.35384615384615387,0.93211310238131,65,-0.013375239310006393,True,False,False,-0.015402383335513914,-4.356968890775369,-0.01794663871476654,0.35365853658536583,0.6459621273537567,82,-1.6241410829103708,False,False,False,0.0008682014064029797,0.470449393258488,-0.006507547259458901,0.2916666666666667,1.0430497293286392,72,0.08396845634241967,True,True,True,-1.3501808690552222,-0.7571019893520041,0.8463636233016698,1,2,1,0,False
evaluation_full,Mini TradingAgents,mta_team_weights_manager_threshold,mta_uniform_b0.35_s-0.35,uniform,round1_mislabelled,"{""buy_threshold"":0.35,""factor_weight"":0.28,""flow_weight"":0.25,""mean_reversion_weight"":0.35,""momentum_weight"":0.4,""news_score"":0.0,""news_weight"":0.15,""risk_weight"":0.29,""sell_threshold"":-0.35,""stop_loss_mult"":1.5,""take_profit_mult"":3.0,""technical_weight"":0.28,""volatility_weight"":0.35}",-0.00036093934382996906,-0.11888212241691581,-0.008003208382253213,0.391304347826087,0.9789317038786994,46,0.2309308096175387,True,True,True,-0.005282021040356244,-1.8025894001275584,-0.019101380823251635,0.3333333333333333,0.7838749117135001,36,-1.123642156074235,False,False,False,-0.005736556248624014,-1.9149589172362402,-0.013656053698517301,0.391304347826087,0.7808474853380302,46,0.8178688906287581,True,True,True,0.0027032596595100156,1.7096415619151903,-0.004428573162324256,0.375,1.2413170798915716,48,1.323160624999122,True,True,True,-0.531697219466381,-0.9607357612722371,0.8901040148221993,3,3,3,0,False
evaluation_full,Mini TradingAgents,mta_team_weights_manager_threshold,mta_uniform_b0.50_s-0.35,uniform,strict,"{""buy_threshold"":0.5,""factor_weight"":0.28,""flow_weight"":0.25,""mean_reversion_weight"":0.35,""momentum_weight"":0.4,""news_score"":0.0,""news_weight"":0.15,""risk_weight"":0.29,""sell_threshold"":-0.35,""stop_loss_mult"":1.5,""take_profit_mult"":3.0,""technical_weight"":0.28,""volatility_weight"":0.35}",0.006403985407846591,4.684842910574056,-0.0019928788565211075,0.4666666666666667,2.673969443812047,15,5.03465584260851,True,True,True,-0.006246069919641939,-4.834875010241211,-0.007434630050786595,0.15384615384615385,0.1488567544462612,13,-4.1559277661878875,False,False,False,-0.004027883773818908,-5.915363528343995,-0.004406066524554664,0.3333333333333333,0.23949391975732381,15,-3.182535720478997,False,False,False,0.0001977429456778701,0.2175337021560005,-0.0029140419015663,0.3157894736842105,1.039827476738839,19,-0.16894723476006782,True,False,False,-1.4619654814637875,-2.308670654042605,0.8286039920583913,1,2,1,0,False
