ticker,requested_model,fold,train_start,train_end,predict_start,predict_end,train_size,n_positive,n_negative,train_positive_rate,label_threshold,status,model,scale_pos_weight,eval_size,accuracy,balanced_accuracy,f1,oos_positive_rate,predicted_positive_rate,tn,fp,fn,tp
AAPL,Random Forest,1,2026-04-22 11:10:00-04:00,2026-04-24 14:45:00-04:00,2026-04-24 14:55:00-04:00,2026-04-29 12:00:00-04:00,200,49,151,0.245,0.0005,trained,Random Forest,3.0816326530612246,200,0.665,0.5652722683014785,0.3619047619047619,0.295,0.23,114,27,40,19
AAPL,Random Forest,2,2026-04-22 11:10:00-04:00,2026-04-29 11:55:00-04:00,2026-04-29 12:05:00-04:00,2026-05-01 15:40:00-04:00,400,108,292,0.27,0.0005,trained,Random Forest,2.7037037037037037,200,0.61,0.5342881944444444,0.3275862068965517,0.36,0.22,103,25,53,19
AAPL,Random Forest,3,2026-04-22 11:10:00-04:00,2026-05-01 15:35:00-04:00,2026-05-01 15:45:00-04:00,2026-05-06 12:55:00-04:00,600,179,421,0.29833333333333334,0.0005,trained,Random Forest,2.35195530726257,200,0.565,0.4988777914936595,0.31496062992125984,0.335,0.3,93,40,47,20
AAPL,Random Forest,4,2026-04-22 11:10:00-04:00,2026-05-06 12:50:00-04:00,2026-05-06 13:00:00-04:00,2026-05-11 10:05:00-04:00,800,247,553,0.30875,0.0005,trained,Random Forest,2.2388663967611335,200,0.605,0.5252496913926608,0.3247863247863248,0.335,0.25,102,31,48,19
AAPL,Random Forest,5,2026-04-22 11:10:00-04:00,2026-05-11 10:00:00-04:00,2026-05-11 10:10:00-04:00,2026-05-13 13:50:00-04:00,1000,313,687,0.313,0.0005,trained,Random Forest,2.194888178913738,200,0.63,0.5460781059851754,0.3392857142857143,0.345,0.215,107,24,50,19
AAPL,Random Forest,6,2026-04-24 14:50:00-04:00,2026-05-13 13:45:00-04:00,2026-05-13 13:55:00-04:00,2026-05-18 11:00:00-04:00,1000,334,666,0.334,0.0005,trained,Random Forest,1.9940119760479043,200,0.615,0.515923147782603,0.29357798165137616,0.255,0.29,107,42,35,16
AAPL,Random Forest,7,2026-04-29 12:00:00-04:00,2026-05-18 10:55:00-04:00,2026-05-18 11:05:00-04:00,2026-05-20 14:40:00-04:00,1000,326,674,0.326,0.0005,trained,Random Forest,2.067484662576687,200,0.59,0.4715881495871782,0.21153846153846154,0.29,0.23,107,35,47,11
AAPL,Random Forest,8,2026-05-01 15:40:00-04:00,2026-05-20 14:35:00-04:00,2026-05-20 14:45:00-04:00,2026-05-26 11:50:00-04:00,1000,313,687,0.313,0.0005,trained,Random Forest,2.194888178913738,200,0.705,0.5617541420461128,0.2716049382716049,0.315,0.09,130,7,52,11
AAPL,Random Forest,9,2026-05-06 12:55:00-04:00,2026-05-26 11:45:00-04:00,2026-05-26 11:55:00-04:00,2026-05-28 15:35:00-04:00,1000,308,692,0.308,0.0005,trained,Random Forest,2.2467532467532467,200,0.74,0.6163259630093172,0.4090909090909091,0.235,0.205,130,23,29,18
AAPL,Random Forest,10,2026-05-11 10:05:00-04:00,2026-05-28 15:30:00-04:00,2026-05-28 15:40:00-04:00,2026-06-02 12:45:00-04:00,1000,289,711,0.289,0.0005,trained,Random Forest,2.4602076124567476,200,0.535,0.4726190476190476,0.2900763358778626,0.3,0.355,88,52,41,19
AAPL,Random Forest,11,2026-05-13 13:50:00-04:00,2026-06-02 12:40:00-04:00,2026-06-02 12:50:00-04:00,2026-06-05 09:55:00-04:00,1000,278,722,0.278,0.0005,trained,Random Forest,2.597122302158273,200,0.67,0.5452380952380952,0.2978723404255319,0.3,0.17,120,20,46,14
AAPL,Random Forest,12,2026-05-18 11:00:00-04:00,2026-06-05 09:50:00-04:00,2026-06-05 10:00:00-04:00,2026-06-09 13:35:00-04:00,1000,288,712,0.288,0.0005,trained,Random Forest,2.4722222222222223,200,0.53,0.5293865293865294,0.45348837209302323,0.37,0.49,67,59,35,39
AAPL,Random Forest,13,2026-05-20 14:40:00-04:00,2026-06-09 13:30:00-04:00,2026-06-09 13:40:00-04:00,2026-06-12 10:45:00-04:00,1000,304,696,0.304,0.0005,trained,Random Forest,2.289473684210526,200,0.505,0.5434027777777778,0.49746192893401014,0.36,0.625,52,76,23,49
AAPL,Random Forest,14,2026-05-26 11:50:00-04:00,2026-06-12 10:40:00-04:00,2026-06-12 10:50:00-04:00,2026-06-16 14:25:00-04:00,1000,312,688,0.312,0.0005,trained,Random Forest,2.2051282051282053,200,0.555,0.48462566844919786,0.288,0.34,0.285,93,39,50,18
AAPL,Random Forest,15,2026-05-28 15:35:00-04:00,2026-06-16 14:20:00-04:00,2026-06-16 14:30:00-04:00,2026-06-22 11:40:00-04:00,1000,334,666,0.334,0.0005,trained,Random Forest,1.9940119760479043,200,0.615,0.5622338683262365,0.4122137404580153,0.355,0.3,96,33,44,27
AAPL,Random Forest,16,2026-06-02 12:45:00-04:00,2026-06-22 11:35:00-04:00,2026-06-22 11:45:00-04:00,2026-06-24 15:20:00-04:00,1000,346,654,0.346,0.0005,trained,Random Forest,1.8901734104046244,200,0.6,0.5041282175813502,0.2857142857142857,0.29,0.27,104,38,42,16
AAPL,Random Forest,17,2026-06-05 09:55:00-04:00,2026-06-24 15:15:00-04:00,2026-06-24 15:25:00-04:00,2026-06-29 12:30:00-04:00,1000,343,657,0.343,0.0005,trained,Random Forest,1.9154518950437318,200,0.405,0.5026666666666667,0.5296442687747036,0.375,0.89,14,111,8,67
AAPL,Random Forest,18,2026-06-09 13:35:00-04:00,2026-06-29 12:25:00-04:00,2026-06-29 12:35:00-04:00,2026-07-02 09:40:00-04:00,1000,343,657,0.343,0.0005,trained,Random Forest,1.9154518950437318,200,0.575,0.5372157872157872,0.40559440559440557,0.37,0.345,86,40,45,29
AAPL,Random Forest,19,2026-06-12 10:45:00-04:00,2026-07-02 09:35:00-04:00,2026-07-02 09:45:00-04:00,2026-07-07 13:20:00-04:00,1000,346,654,0.346,0.0005,trained,Random Forest,1.8901734104046244,200,0.61,0.5283743126880383,0.1702127659574468,0.405,0.065,114,5,73,8
AAPL,Random Forest,20,2026-06-16 14:25:00-04:00,2026-07-07 13:15:00-04:00,2026-07-07 13:25:00-04:00,2026-07-10 10:30:00-04:00,1000,359,641,0.359,0.0005,trained,Random Forest,1.7855153203342617,200,0.655,0.5986666666666667,0.448,0.375,0.25,103,22,47,28
AAPL,Random Forest,21,2026-06-22 11:40:00-04:00,2026-07-10 10:25:00-04:00,2026-07-10 10:35:00-04:00,2026-07-14 14:10:00-04:00,1000,363,637,0.363,0.0005,trained,Random Forest,1.7548209366391185,200,0.605,0.523931623931624,0.3247863247863248,0.325,0.26,102,33,46,19
AAPL,Random Forest,22,2026-06-24 15:20:00-04:00,2026-07-14 14:05:00-04:00,2026-07-14 14:15:00-04:00,2026-07-17 11:20:00-04:00,1000,370,630,0.37,0.0005,trained,Random Forest,1.7027027027027026,200,0.585,0.5236668044646549,0.26548672566371684,0.41,0.155,102,16,67,15
AAPL,Random Forest,23,2026-06-29 12:30:00-04:00,2026-07-17 11:15:00-04:00,2026-07-17 11:25:00-04:00,2026-07-17 15:55:00-04:00,1000,377,623,0.377,0.0005,trained,Random Forest,1.6525198938992043,54,0.46296296296296297,0.4809220985691574,0.3829787234042553,0.3148148148148148,0.5555555555555556,16,21,8,9
AAPL,Logistic Regression,1,2026-04-22 11:10:00-04:00,2026-04-24 14:45:00-04:00,2026-04-24 14:55:00-04:00,2026-04-29 12:00:00-04:00,200,49,151,0.245,0.0005,trained,Logistic Regression,3.0816326530612246,200,0.56,0.5696598148815963,0.4430379746835443,0.295,0.495,77,64,24,35
AAPL,Logistic Regression,2,2026-04-22 11:10:00-04:00,2026-04-29 11:55:00-04:00,2026-04-29 12:05:00-04:00,2026-05-01 15:40:00-04:00,400,108,292,0.27,0.0005,trained,Logistic Regression,2.7037037037037037,200,0.595,0.5499131944444444,0.40875912408759124,0.36,0.325,91,37,44,28
AAPL,Logistic Regression,3,2026-04-22 11:10:00-04:00,2026-05-01 15:35:00-04:00,2026-05-01 15:45:00-04:00,2026-05-06 12:55:00-04:00,600,179,421,0.29833333333333334,0.0005,trained,Logistic Regression,2.35195530726257,200,0.645,0.5590281674335091,0.36036036036036034,0.335,0.22,109,24,47,20
AAPL,Logistic Regression,4,2026-04-22 11:10:00-04:00,2026-05-06 12:50:00-04:00,2026-05-06 13:00:00-04:00,2026-05-11 10:05:00-04:00,800,247,553,0.30875,0.0005,trained,Logistic Regression,2.2388663967611335,200,0.64,0.5478621927954214,0.3333333333333333,0.335,0.205,110,23,49,18
AAPL,Logistic Regression,5,2026-04-22 11:10:00-04:00,2026-05-11 10:00:00-04:00,2026-05-11 10:10:00-04:00,2026-05-13 13:50:00-04:00,1000,313,687,0.313,0.0005,trained,Logistic Regression,2.194888178913738,200,0.64,0.5640004425268281,0.3793103448275862,0.345,0.235,106,25,47,22
AAPL,Logistic Regression,6,2026-04-24 14:50:00-04:00,2026-05-13 13:45:00-04:00,2026-05-13 13:55:00-04:00,2026-05-18 11:00:00-04:00,1000,334,666,0.334,0.0005,trained,Logistic Regression,1.9940119760479043,200,0.62,0.5773128043163575,0.3968253968253968,0.255,0.375,99,50,26,25
AAPL,Logistic Regression,7,2026-04-29 12:00:00-04:00,2026-05-18 10:55:00-04:00,2026-05-18 11:05:00-04:00,2026-05-20 14:40:00-04:00,1000,326,674,0.326,0.0005,trained,Logistic Regression,2.067484662576687,200,0.65,0.5393394851869839,0.3137254901960784,0.29,0.22,114,28,42,16
AAPL,Logistic Regression,8,2026-05-01 15:40:00-04:00,2026-05-20 14:35:00-04:00,2026-05-20 14:45:00-04:00,2026-05-26 11:50:00-04:00,1000,313,687,0.313,0.0005,trained,Logistic Regression,2.194888178913738,200,0.67,0.54049356969065,0.26666666666666666,0.315,0.135,122,15,51,12
AAPL,Logistic Regression,9,2026-05-06 12:55:00-04:00,2026-05-26 11:45:00-04:00,2026-05-26 11:55:00-04:00,2026-05-28 15:35:00-04:00,1000,308,692,0.308,0.0005,trained,Logistic Regression,2.2467532467532467,200,0.72,0.5516617994715617,0.28205128205128205,0.235,0.155,133,20,36,11
AAPL,Logistic Regression,10,2026-05-11 10:05:00-04:00,2026-05-28 15:30:00-04:00,2026-05-28 15:40:00-04:00,2026-06-02 12:45:00-04:00,1000,289,711,0.289,0.0005,trained,Logistic Regression,2.4602076124567476,200,0.51,0.4785714285714286,0.3287671232876712,0.3,0.43,78,62,36,24
AAPL,Logistic Regression,11,2026-05-13 13:50:00-04:00,2026-06-02 12:40:00-04:00,2026-06-02 12:50:00-04:00,2026-06-05 09:55:00-04:00,1000,278,722,0.278,0.0005,trained,Logistic Regression,2.597122302158273,200,0.69,0.5976190476190476,0.41509433962264153,0.3,0.23,116,24,38,22
AAPL,Logistic Regression,12,2026-05-18 11:00:00-04:00,2026-06-05 09:50:00-04:00,2026-06-05 10:00:00-04:00,2026-06-09 13:35:00-04:00,1000,288,712,0.288,0.0005,trained,Logistic Regression,2.4722222222222223,200,0.415,0.4799442299442299,0.48,0.37,0.755,29,97,20,54
AAPL,Logistic Regression,13,2026-05-20 14:40:00-04:00,2026-06-09 13:30:00-04:00,2026-06-09 13:40:00-04:00,2026-06-12 10:45:00-04:00,1000,304,696,0.304,0.0005,trained,Logistic Regression,2.289473684210526,200,0.36,0.5,0.5294117647058824,0.36,1.0,0,128,0,72
AAPL,Logistic Regression,14,2026-05-26 11:50:00-04:00,2026-06-12 10:40:00-04:00,2026-06-12 10:50:00-04:00,2026-06-16 14:25:00-04:00,1000,312,688,0.312,0.0005,trained,Logistic Regression,2.2051282051282053,200,0.505,0.5465686274509804,0.4816753926701571,0.34,0.615,55,77,22,46
AAPL,Logistic Regression,15,2026-05-28 15:35:00-04:00,2026-06-16 14:20:00-04:00,2026-06-16 14:30:00-04:00,2026-06-22 11:40:00-04:00,1000,334,666,0.334,0.0005,trained,Logistic Regression,1.9940119760479043,200,0.54,0.5420897477890599,0.4588235294117647,0.355,0.495,69,60,32,39
AAPL,Logistic Regression,16,2026-06-02 12:45:00-04:00,2026-06-22 11:35:00-04:00,2026-06-22 11:45:00-04:00,2026-06-24 15:20:00-04:00,1000,346,654,0.346,0.0005,trained,Logistic Regression,1.8901734104046244,200,0.55,0.5607090820786789,0.43037974683544306,0.29,0.5,76,66,24,34
AAPL,Logistic Regression,17,2026-06-05 09:55:00-04:00,2026-06-24 15:15:00-04:00,2026-06-24 15:25:00-04:00,2026-06-29 12:30:00-04:00,1000,343,657,0.343,0.0005,trained,Logistic Regression,1.9154518950437318,200,0.39,0.504,0.5413533834586466,0.375,0.955,6,119,3,72
AAPL,Logistic Regression,18,2026-06-09 13:35:00-04:00,2026-06-29 12:25:00-04:00,2026-06-29 12:35:00-04:00,2026-07-02 09:40:00-04:00,1000,343,657,0.343,0.0005,trained,Logistic Regression,1.9154518950437318,200,0.52,0.5381810381810381,0.4838709677419355,0.37,0.56,59,67,29,45
AAPL,Logistic Regression,19,2026-06-12 10:45:00-04:00,2026-07-02 09:35:00-04:00,2026-07-02 09:45:00-04:00,2026-07-07 13:20:00-04:00,1000,346,654,0.346,0.0005,trained,Logistic Regression,1.8901734104046244,200,0.625,0.5449216723726528,0.21052631578947367,0.405,0.07,115,4,71,10
AAPL,Logistic Regression,20,2026-06-16 14:25:00-04:00,2026-07-07 13:15:00-04:00,2026-07-07 13:25:00-04:00,2026-07-10 10:30:00-04:00,1000,359,641,0.359,0.0005,trained,Logistic Regression,1.7855153203342617,200,0.615,0.5506666666666666,0.36363636363636365,0.375,0.23,101,24,53,22
AAPL,Logistic Regression,21,2026-06-22 11:40:00-04:00,2026-07-10 10:25:00-04:00,2026-07-10 10:35:00-04:00,2026-07-14 14:10:00-04:00,1000,363,637,0.363,0.0005,trained,Logistic Regression,1.7548209366391185,200,0.62,0.5709401709401709,0.42424242424242425,0.325,0.335,96,39,37,28
AAPL,Logistic Regression,22,2026-06-24 15:20:00-04:00,2026-07-14 14:05:00-04:00,2026-07-14 14:15:00-04:00,2026-07-17 11:20:00-04:00,1000,370,630,0.37,0.0005,trained,Logistic Regression,1.7027027027027026,200,0.5,0.48697809011988424,0.40476190476190477,0.41,0.43,66,52,48,34
AAPL,Logistic Regression,23,2026-06-29 12:30:00-04:00,2026-07-17 11:15:00-04:00,2026-07-17 11:25:00-04:00,2026-07-17 15:55:00-04:00,1000,377,623,0.377,0.0005,trained,Logistic Regression,1.6525198938992043,54,0.3148148148148148,0.3410174880763116,0.27450980392156865,0.3148148148148148,0.6296296296296297,10,27,10,7
AAPL,XGBoost,1,2026-04-22 11:10:00-04:00,2026-04-24 14:45:00-04:00,2026-04-24 14:55:00-04:00,2026-04-29 12:00:00-04:00,200,49,151,0.245,0.0005,trained,XGBoost,3.0816326530612246,200,0.63,0.5601634811876428,0.38333333333333336,0.295,0.305,103,38,36,23
AAPL,XGBoost,2,2026-04-22 11:10:00-04:00,2026-04-29 11:55:00-04:00,2026-04-29 12:05:00-04:00,2026-05-01 15:40:00-04:00,400,108,292,0.27,0.0005,trained,XGBoost,2.7037037037037037,200,0.61,0.5373263888888888,0.3389830508474576,0.36,0.23,102,26,52,20
AAPL,XGBoost,3,2026-04-22 11:10:00-04:00,2026-05-01 15:35:00-04:00,2026-05-01 15:45:00-04:00,2026-05-06 12:55:00-04:00,600,179,421,0.29833333333333334,0.0005,trained,XGBoost,2.35195530726257,200,0.575,0.5434294691953765,0.41379310344827586,0.335,0.39,85,48,37,30
AAPL,XGBoost,4,2026-04-22 11:10:00-04:00,2026-05-06 12:50:00-04:00,2026-05-06 13:00:00-04:00,2026-05-11 10:05:00-04:00,800,247,553,0.30875,0.0005,trained,XGBoost,2.2388663967611335,200,0.525,0.4910223319492762,0.35374149659863946,0.335,0.4,79,54,41,26
AAPL,XGBoost,5,2026-04-22 11:10:00-04:00,2026-05-11 10:00:00-04:00,2026-05-11 10:10:00-04:00,2026-05-13 13:50:00-04:00,1000,313,687,0.313,0.0005,trained,XGBoost,2.194888178913738,200,0.575,0.5281004535899989,0.3795620437956204,0.345,0.34,89,42,43,26
AAPL,XGBoost,6,2026-04-24 14:50:00-04:00,2026-05-13 13:45:00-04:00,2026-05-13 13:55:00-04:00,2026-05-18 11:00:00-04:00,1000,334,666,0.334,0.0005,trained,XGBoost,1.9940119760479043,200,0.53,0.4911172522700355,0.3088235294117647,0.255,0.425,85,64,30,21
AAPL,XGBoost,7,2026-04-29 12:00:00-04:00,2026-05-18 10:55:00-04:00,2026-05-18 11:05:00-04:00,2026-05-20 14:40:00-04:00,1000,326,674,0.326,0.0005,trained,XGBoost,2.067484662576687,200,0.565,0.46928120446818844,0.24347826086956523,0.29,0.285,99,43,44,14
AAPL,XGBoost,8,2026-05-01 15:40:00-04:00,2026-05-20 14:35:00-04:00,2026-05-20 14:45:00-04:00,2026-05-26 11:50:00-04:00,1000,313,687,0.313,0.0005,trained,XGBoost,2.194888178913738,200,0.685,0.5643030935001738,0.3225806451612903,0.315,0.15,122,15,48,15
AAPL,XGBoost,9,2026-05-06 12:55:00-04:00,2026-05-26 11:45:00-04:00,2026-05-26 11:55:00-04:00,2026-05-28 15:35:00-04:00,1000,308,692,0.308,0.0005,trained,XGBoost,2.2467532467532467,200,0.72,0.6327353636490057,0.44,0.235,0.265,122,31,25,22
AAPL,XGBoost,10,2026-05-11 10:05:00-04:00,2026-05-28 15:30:00-04:00,2026-05-28 15:40:00-04:00,2026-06-02 12:45:00-04:00,1000,289,711,0.289,0.0005,trained,XGBoost,2.4602076124567476,200,0.5,0.48571428571428577,0.35064935064935066,0.3,0.47,73,67,33,27
AAPL,XGBoost,11,2026-05-13 13:50:00-04:00,2026-06-02 12:40:00-04:00,2026-06-02 12:50:00-04:00,2026-06-05 09:55:00-04:00,1000,278,722,0.278,0.0005,trained,XGBoost,2.597122302158273,200,0.645,0.5416666666666667,0.3238095238095238,0.3,0.225,112,28,43,17
AAPL,XGBoost,12,2026-05-18 11:00:00-04:00,2026-06-05 09:50:00-04:00,2026-06-05 10:00:00-04:00,2026-06-09 13:35:00-04:00,1000,288,712,0.288,0.0005,trained,XGBoost,2.4722222222222223,200,0.46,0.4598884598884599,0.38636363636363635,0.37,0.51,58,68,40,34
AAPL,XGBoost,13,2026-05-20 14:40:00-04:00,2026-06-09 13:30:00-04:00,2026-06-09 13:40:00-04:00,2026-06-12 10:45:00-04:00,1000,304,696,0.304,0.0005,trained,XGBoost,2.289473684210526,200,0.44,0.5078125,0.4909090909090909,0.36,0.74,34,94,18,54
AAPL,XGBoost,14,2026-05-26 11:50:00-04:00,2026-06-12 10:40:00-04:00,2026-06-12 10:50:00-04:00,2026-06-16 14:25:00-04:00,1000,312,688,0.312,0.0005,trained,XGBoost,2.2051282051282053,200,0.48,0.4563279857397504,0.3333333333333333,0.34,0.44,70,62,42,26
AAPL,XGBoost,15,2026-05-28 15:35:00-04:00,2026-06-16 14:20:00-04:00,2026-06-16 14:30:00-04:00,2026-06-22 11:40:00-04:00,1000,334,666,0.334,0.0005,trained,XGBoost,1.9940119760479043,200,0.59,0.5586854460093896,0.4383561643835616,0.355,0.375,86,43,39,32
AAPL,XGBoost,16,2026-06-02 12:45:00-04:00,2026-06-22 11:35:00-04:00,2026-06-22 11:45:00-04:00,2026-06-24 15:20:00-04:00,1000,346,654,0.346,0.0005,trained,XGBoost,1.8901734104046244,200,0.56,0.5371539582321515,0.3888888888888889,0.29,0.43,84,58,30,28
AAPL,XGBoost,17,2026-06-05 09:55:00-04:00,2026-06-24 15:15:00-04:00,2026-06-24 15:25:00-04:00,2026-06-29 12:30:00-04:00,1000,343,657,0.343,0.0005,trained,XGBoost,1.9154518950437318,200,0.42,0.5306666666666667,0.5572519083969466,0.375,0.935,11,114,2,73
AAPL,XGBoost,18,2026-06-09 13:35:00-04:00,2026-06-29 12:25:00-04:00,2026-06-29 12:35:00-04:00,2026-07-02 09:40:00-04:00,1000,343,657,0.343,0.0005,trained,XGBoost,1.9154518950437318,200,0.53,0.534963534963535,0.4659090909090909,0.37,0.51,65,61,33,41
AAPL,XGBoost,19,2026-06-12 10:45:00-04:00,2026-07-02 09:35:00-04:00,2026-07-02 09:45:00-04:00,2026-07-07 13:20:00-04:00,1000,346,654,0.346,0.0005,trained,XGBoost,1.8901734104046244,200,0.595,0.5137981118373275,0.14736842105263157,0.405,0.07,112,7,74,7
AAPL,XGBoost,20,2026-06-16 14:25:00-04:00,2026-07-07 13:15:00-04:00,2026-07-07 13:25:00-04:00,2026-07-10 10:30:00-04:00,1000,359,641,0.359,0.0005,trained,XGBoost,1.7855153203342617,200,0.665,0.6413333333333333,0.5503355704697986,0.375,0.37,92,33,34,41
AAPL,XGBoost,21,2026-06-22 11:40:00-04:00,2026-07-10 10:25:00-04:00,2026-07-10 10:35:00-04:00,2026-07-14 14:10:00-04:00,1000,363,637,0.363,0.0005,trained,XGBoost,1.7548209366391185,200,0.64,0.5737891737891738,0.4098360655737705,0.325,0.285,103,32,40,25
AAPL,XGBoost,22,2026-06-24 15:20:00-04:00,2026-07-14 14:05:00-04:00,2026-07-14 14:15:00-04:00,2026-07-17 11:20:00-04:00,1000,370,630,0.37,0.0005,trained,XGBoost,1.7027027027027026,200,0.58,0.5454733360892932,0.4084507042253521,0.41,0.3,87,31,53,29
AAPL,XGBoost,23,2026-06-29 12:30:00-04:00,2026-07-17 11:15:00-04:00,2026-07-17 11:25:00-04:00,2026-07-17 15:55:00-04:00,1000,377,623,0.377,0.0005,trained,XGBoost,1.6525198938992043,54,0.48148148148148145,0.5103338632750398,0.4166666666666667,0.3148148148148148,0.5740740740740741,16,21,7,10
TSLA,Random Forest,1,2026-04-22 11:10:00-04:00,2026-04-24 14:45:00-04:00,2026-04-24 14:55:00-04:00,2026-04-29 12:05:00-04:00,200,63,137,0.315,0.0008566336956080904,trained,Random Forest,2.1746031746031744,200,0.625,0.5505514705882353,0.3697478991596639,0.32,0.275,103,33,42,22
TSLA,Random Forest,2,2026-04-22 11:10:00-04:00,2026-04-29 12:00:00-04:00,2026-04-29 12:10:00-04:00,2026-05-01 15:55:00-04:00,400,127,273,0.3175,0.0008566336956080904,trained,Random Forest,2.1496062992125986,200,0.61,0.552,0.38095238095238093,0.375,0.255,98,27,51,24
TSLA,Random Forest,3,2026-04-22 11:10:00-04:00,2026-05-01 15:50:00-04:00,2026-05-04 09:30:00-04:00,2026-05-06 13:10:00-04:00,600,202,398,0.33666666666666667,0.0008566336956080904,trained,Random Forest,1.9702970297029703,200,0.62,0.5106048703849175,0.24,0.335,0.165,112,21,55,12
TSLA,Random Forest,4,2026-04-22 11:10:00-04:00,2026-05-06 13:05:00-04:00,2026-05-06 13:15:00-04:00,2026-05-11 10:20:00-04:00,800,269,531,0.33625,0.0008566336956080904,trained,Random Forest,1.9739776951672863,200,0.615,0.5687088771437817,0.42962962962962964,0.365,0.31,94,33,44,29
TSLA,Random Forest,5,2026-04-22 11:10:00-04:00,2026-05-11 10:15:00-04:00,2026-05-11 10:25:00-04:00,2026-05-13 14:00:00-04:00,1000,342,658,0.342,0.0008566336956080904,trained,Random Forest,1.9239766081871346,200,0.525,0.5084154351395731,0.4171779141104294,0.42,0.395,71,45,50,34
TSLA,Random Forest,6,2026-04-24 14:50:00-04:00,2026-05-13 13:55:00-04:00,2026-05-13 14:05:00-04:00,2026-05-18 11:10:00-04:00,1000,363,637,0.363,0.0008566336956080904,trained,Random Forest,1.7548209366391185,200,0.65,0.6202062333449194,0.4927536231884058,0.315,0.375,96,41,29,34
TSLA,Random Forest,7,2026-04-29 12:05:00-04:00,2026-05-18 11:05:00-04:00,2026-05-18 11:15:00-04:00,2026-05-20 14:50:00-04:00,1000,362,638,0.362,0.0008566336956080904,trained,Random Forest,1.7624309392265194,200,0.56,0.5331069609507639,0.42105263157894735,0.38,0.38,80,44,44,32
TSLA,Random Forest,8,2026-05-01 15:55:00-04:00,2026-05-20 14:45:00-04:00,2026-05-20 14:55:00-04:00,2026-05-26 12:00:00-04:00,1000,363,637,0.363,0.0008566336956080904,trained,Random Forest,1.7548209366391185,200,0.555,0.462962962962963,0.22608695652173913,0.325,0.25,98,37,52,13
TSLA,Random Forest,9,2026-05-06 13:10:00-04:00,2026-05-26 11:55:00-04:00,2026-05-26 12:05:00-04:00,2026-05-28 15:40:00-04:00,1000,361,639,0.361,0.0008566336956080904,trained,Random Forest,1.7700831024930748,200,0.62,0.5,0.24,0.3,0.2,112,28,48,12
TSLA,Random Forest,10,2026-05-11 10:20:00-04:00,2026-05-28 15:35:00-04:00,2026-05-28 15:45:00-04:00,2026-06-02 12:50:00-04:00,1000,347,653,0.347,0.0008566336956080904,trained,Random Forest,1.8818443804034581,200,0.695,0.6344729344729345,0.49586776859504134,0.325,0.28,109,26,35,30
TSLA,Random Forest,11,2026-05-13 14:00:00-04:00,2026-06-02 12:45:00-04:00,2026-06-02 12:55:00-04:00,2026-06-05 10:00:00-04:00,1000,328,672,0.328,0.0008566336956080904,trained,Random Forest,2.048780487804878,200,0.635,0.5164292131947118,0.27722772277227725,0.265,0.24,113,34,39,14
TSLA,Random Forest,12,2026-05-18 11:10:00-04:00,2026-06-05 09:55:00-04:00,2026-06-05 10:05:00-04:00,2026-06-09 13:40:00-04:00,1000,319,681,0.319,0.0008566336956080904,trained,Random Forest,2.134796238244514,200,0.415,0.5154761904761905,0.44019138755980863,0.3,0.745,37,103,14,46
TSLA,Random Forest,13,2026-05-20 14:50:00-04:00,2026-06-09 13:35:00-04:00,2026-06-09 13:45:00-04:00,2026-06-12 10:50:00-04:00,1000,303,697,0.303,0.0008566336956080904,trained,Random Forest,2.3003300330033003,200,0.505,0.49065934065934064,0.38509316770186336,0.35,0.455,70,60,39,31
TSLA,Random Forest,14,2026-05-26 12:00:00-04:00,2026-06-12 10:45:00-04:00,2026-06-12 10:55:00-04:00,2026-06-16 14:30:00-04:00,1000,308,692,0.308,0.0008566336956080904,trained,Random Forest,2.2467532467532467,200,0.595,0.5077985739750446,0.2831858407079646,0.34,0.225,103,29,52,16
TSLA,Random Forest,15,2026-05-28 15:40:00-04:00,2026-06-16 14:25:00-04:00,2026-06-16 14:35:00-04:00,2026-06-22 11:40:00-04:00,1000,317,683,0.317,0.0008566336956080904,trained,Random Forest,2.1545741324921135,200,0.58,0.5285204991087344,0.373134328358209,0.34,0.33,91,41,43,25
TSLA,Random Forest,16,2026-06-02 12:50:00-04:00,2026-06-22 11:35:00-04:00,2026-06-22 11:45:00-04:00,2026-06-24 15:20:00-04:00,1000,320,680,0.32,0.0008566336956080904,trained,Random Forest,2.125,200,0.52,0.5253157223960143,0.4146341463414634,0.315,0.505,70,67,29,34
TSLA,Random Forest,17,2026-06-05 10:00:00-04:00,2026-06-24 15:15:00-04:00,2026-06-24 15:25:00-04:00,2026-06-29 12:30:00-04:00,1000,328,672,0.328,0.0008566336956080904,trained,Random Forest,2.048780487804878,200,0.635,0.5906593406593407,0.45925925925925926,0.35,0.325,96,34,39,31
TSLA,Random Forest,18,2026-06-09 13:40:00-04:00,2026-06-29 12:25:00-04:00,2026-06-29 12:35:00-04:00,2026-07-02 09:40:00-04:00,1000,339,661,0.339,0.0008566336956080904,trained,Random Forest,1.9498525073746313,200,0.6,0.5002615336332252,0.047619047619047616,0.395,0.025,118,3,77,2
TSLA,Random Forest,19,2026-06-12 10:50:00-04:00,2026-07-02 09:35:00-04:00,2026-07-02 09:45:00-04:00,2026-07-07 13:20:00-04:00,1000,348,652,0.348,0.0008566336956080904,trained,Random Forest,1.8735632183908046,200,0.53,0.504,0.38961038961038963,0.375,0.395,76,49,45,30
TSLA,Random Forest,20,2026-06-16 14:30:00-04:00,2026-07-07 13:15:00-04:00,2026-07-07 13:25:00-04:00,2026-07-10 10:30:00-04:00,1000,355,645,0.355,0.0008566336956080904,trained,Random Forest,1.8169014084507042,200,0.535,0.4694741532976827,0.27906976744186046,0.34,0.305,89,43,50,18
TSLA,Random Forest,21,2026-06-22 11:40:00-04:00,2026-07-10 10:25:00-04:00,2026-07-10 10:35:00-04:00,2026-07-14 14:10:00-04:00,1000,354,646,0.354,0.0008566336956080904,trained,Random Forest,1.8248587570621468,200,0.665,0.5599926389400074,0.34951456310679613,0.285,0.23,115,28,39,18
TSLA,Random Forest,22,2026-06-24 15:20:00-04:00,2026-07-14 14:05:00-04:00,2026-07-14 14:15:00-04:00,2026-07-17 11:20:00-04:00,1000,350,650,0.35,0.0008566336956080904,trained,Random Forest,1.8571428571428572,200,0.675,0.5776034909777096,0.38095238095238093,0.305,0.22,115,24,41,20
TSLA,Random Forest,23,2026-06-29 12:30:00-04:00,2026-07-17 11:15:00-04:00,2026-07-17 11:25:00-04:00,2026-07-17 15:55:00-04:00,1000,339,661,0.339,0.0008566336956080904,trained,Random Forest,1.9498525073746313,54,0.7222222222222222,0.6065182829888712,0.4,0.3148148148148148,0.14814814814814814,34,3,12,5
TSLA,Logistic Regression,1,2026-04-22 11:10:00-04:00,2026-04-24 14:45:00-04:00,2026-04-24 14:55:00-04:00,2026-04-29 12:05:00-04:00,200,63,137,0.315,0.0008566336956080904,trained,Logistic Regression,2.1746031746031744,200,0.66,0.5804227941176471,0.40350877192982454,0.32,0.25,109,27,41,23
TSLA,Logistic Regression,2,2026-04-22 11:10:00-04:00,2026-04-29 12:00:00-04:00,2026-04-29 12:10:00-04:00,2026-05-01 15:55:00-04:00,400,127,273,0.3175,0.0008566336956080904,trained,Logistic Regression,2.1496062992125986,200,0.6,0.5253333333333333,0.2982456140350877,0.375,0.195,103,22,58,17
TSLA,Logistic Regression,3,2026-04-22 11:10:00-04:00,2026-05-01 15:50:00-04:00,2026-05-04 09:30:00-04:00,2026-05-06 13:10:00-04:00,600,202,398,0.33666666666666667,0.0008566336956080904,trained,Logistic Regression,1.9702970297029703,200,0.525,0.5317585007294355,0.4378698224852071,0.335,0.51,68,65,30,37
TSLA,Logistic Regression,4,2026-04-22 11:10:00-04:00,2026-05-06 13:05:00-04:00,2026-05-06 13:15:00-04:00,2026-05-11 10:20:00-04:00,800,269,531,0.33625,0.0008566336956080904,trained,Logistic Regression,1.9739776951672863,200,0.585,0.5247006795383453,0.3464566929133858,0.365,0.27,95,32,51,22
TSLA,Logistic Regression,5,2026-04-22 11:10:00-04:00,2026-05-11 10:15:00-04:00,2026-05-11 10:25:00-04:00,2026-05-13 14:00:00-04:00,1000,342,658,0.342,0.0008566336956080904,trained,Logistic Regression,1.9239766081871346,200,0.595,0.5966748768472906,0.5573770491803278,0.42,0.495,68,48,33,51
TSLA,Logistic Regression,6,2026-04-24 14:50:00-04:00,2026-05-13 13:55:00-04:00,2026-05-13 14:05:00-04:00,2026-05-18 11:10:00-04:00,1000,363,637,0.363,0.0008566336956080904,trained,Logistic Regression,1.7548209366391185,200,0.39,0.46043332174719037,0.4019607843137255,0.315,0.705,37,100,22,41
TSLA,Logistic Regression,7,2026-04-29 12:05:00-04:00,2026-05-18 11:05:00-04:00,2026-05-18 11:15:00-04:00,2026-05-20 14:50:00-04:00,1000,362,638,0.362,0.0008566336956080904,trained,Logistic Regression,1.7624309392265194,200,0.55,0.5326825127334465,0.4375,0.38,0.42,75,49,41,35
TSLA,Logistic Regression,8,2026-05-01 15:55:00-04:00,2026-05-20 14:45:00-04:00,2026-05-20 14:55:00-04:00,2026-05-26 12:00:00-04:00,1000,363,637,0.363,0.0008566336956080904,trained,Logistic Regression,1.7548209366391185,200,0.535,0.5,0.3586206896551724,0.325,0.4,81,54,39,26
TSLA,Logistic Regression,9,2026-05-06 13:10:00-04:00,2026-05-26 11:55:00-04:00,2026-05-26 12:05:00-04:00,2026-05-28 15:40:00-04:00,1000,361,639,0.361,0.0008566336956080904,trained,Logistic Regression,1.7700831024930748,200,0.65,0.569047619047619,0.38596491228070173,0.3,0.27,108,32,38,22
TSLA,Logistic Regression,10,2026-05-11 10:20:00-04:00,2026-05-28 15:35:00-04:00,2026-05-28 15:45:00-04:00,2026-06-02 12:50:00-04:00,1000,347,653,0.347,0.0008566336956080904,trained,Logistic Regression,1.8818443804034581,200,0.525,0.5603988603988603,0.47513812154696133,0.325,0.58,62,73,22,43
TSLA,Logistic Regression,11,2026-05-13 14:00:00-04:00,2026-06-02 12:45:00-04:00,2026-06-02 12:55:00-04:00,2026-06-05 10:00:00-04:00,1000,328,672,0.328,0.0008566336956080904,trained,Logistic Regression,2.048780487804878,200,0.575,0.5661019124630984,0.40559440559440557,0.265,0.45,86,61,24,29
TSLA,Logistic Regression,12,2026-05-18 11:10:00-04:00,2026-06-05 09:55:00-04:00,2026-06-05 10:05:00-04:00,2026-06-09 13:40:00-04:00,1000,319,681,0.319,0.0008566336956080904,trained,Logistic Regression,2.134796238244514,200,0.425,0.4988095238095238,0.41624365482233505,0.3,0.685,44,96,19,41
TSLA,Logistic Regression,13,2026-05-20 14:50:00-04:00,2026-06-09 13:35:00-04:00,2026-06-09 13:45:00-04:00,2026-06-12 10:50:00-04:00,1000,303,697,0.303,0.0008566336956080904,trained,Logistic Regression,2.3003300330033003,200,0.5,0.4967032967032967,0.40476190476190477,0.35,0.49,66,64,36,34
TSLA,Logistic Regression,14,2026-05-26 12:00:00-04:00,2026-06-12 10:45:00-04:00,2026-06-12 10:55:00-04:00,2026-06-16 14:30:00-04:00,1000,308,692,0.308,0.0008566336956080904,trained,Logistic Regression,2.2467532467532467,200,0.585,0.5929144385026739,0.5029940119760479,0.34,0.495,75,57,26,42
TSLA,Logistic Regression,15,2026-05-28 15:40:00-04:00,2026-06-16 14:25:00-04:00,2026-06-16 14:35:00-04:00,2026-06-22 11:40:00-04:00,1000,317,683,0.317,0.0008566336956080904,trained,Logistic Regression,2.1545741324921135,200,0.505,0.5037878787878788,0.40718562874251496,0.34,0.495,67,65,34,34
TSLA,Logistic Regression,16,2026-06-02 12:50:00-04:00,2026-06-22 11:35:00-04:00,2026-06-22 11:45:00-04:00,2026-06-24 15:20:00-04:00,1000,320,680,0.32,0.0008566336956080904,trained,Logistic Regression,2.125,200,0.435,0.5275750202757502,0.46445497630331756,0.315,0.74,38,99,14,49
TSLA,Logistic Regression,17,2026-06-05 10:00:00-04:00,2026-06-24 15:15:00-04:00,2026-06-24 15:25:00-04:00,2026-06-29 12:30:00-04:00,1000,328,672,0.328,0.0008566336956080904,trained,Logistic Regression,2.048780487804878,200,0.44,0.5527472527472528,0.5371900826446281,0.35,0.86,23,107,5,65
TSLA,Logistic Regression,18,2026-06-09 13:40:00-04:00,2026-06-29 12:25:00-04:00,2026-06-29 12:35:00-04:00,2026-07-02 09:40:00-04:00,1000,339,661,0.339,0.0008566336956080904,trained,Logistic Regression,1.9498525073746313,200,0.58,0.4903232555706664,0.10638297872340426,0.395,0.075,111,10,74,5
TSLA,Logistic Regression,19,2026-06-12 10:50:00-04:00,2026-07-02 09:35:00-04:00,2026-07-02 09:45:00-04:00,2026-07-07 13:20:00-04:00,1000,348,652,0.348,0.0008566336956080904,trained,Logistic Regression,1.8735632183908046,200,0.525,0.5026666666666666,0.39490445859872614,0.375,0.41,74,51,44,31
TSLA,Logistic Regression,20,2026-06-16 14:30:00-04:00,2026-07-07 13:15:00-04:00,2026-07-07 13:25:00-04:00,2026-07-10 10:30:00-04:00,1000,355,645,0.355,0.0008566336956080904,trained,Logistic Regression,1.8169014084507042,200,0.55,0.5022281639928698,0.34782608695652173,0.34,0.35,86,46,44,24
TSLA,Logistic Regression,21,2026-06-22 11:40:00-04:00,2026-07-10 10:25:00-04:00,2026-07-10 10:35:00-04:00,2026-07-14 14:10:00-04:00,1000,354,646,0.354,0.0008566336956080904,trained,Logistic Regression,1.8248587570621468,200,0.535,0.46380812170285857,0.2677165354330709,0.285,0.35,90,53,40,17
TSLA,Logistic Regression,22,2026-06-24 15:20:00-04:00,2026-07-14 14:05:00-04:00,2026-07-14 14:15:00-04:00,2026-07-17 11:20:00-04:00,1000,350,650,0.35,0.0008566336956080904,trained,Logistic Regression,1.8571428571428572,200,0.575,0.5470574360183984,0.40559440559440557,0.305,0.41,86,53,32,29
TSLA,Logistic Regression,23,2026-06-29 12:30:00-04:00,2026-07-17 11:15:00-04:00,2026-07-17 11:25:00-04:00,2026-07-17 15:55:00-04:00,1000,339,661,0.339,0.0008566336956080904,trained,Logistic Regression,1.9498525073746313,54,0.3888888888888889,0.33147853736089034,0.15384615384615385,0.3148148148148148,0.4074074074074074,18,19,14,3
TSLA,XGBoost,1,2026-04-22 11:10:00-04:00,2026-04-24 14:45:00-04:00,2026-04-24 14:55:00-04:00,2026-04-29 12:05:00-04:00,200,63,137,0.315,0.0008566336956080904,trained,XGBoost,2.1746031746031744,200,0.64,0.578125,0.41935483870967744,0.32,0.3,102,34,38,26
TSLA,XGBoost,2,2026-04-22 11:10:00-04:00,2026-04-29 12:00:00-04:00,2026-04-29 12:10:00-04:00,2026-05-01 15:55:00-04:00,400,127,273,0.3175,0.0008566336956080904,trained,XGBoost,2.1496062992125986,200,0.59,0.536,0.36923076923076925,0.375,0.275,94,31,51,24
TSLA,XGBoost,3,2026-04-22 11:10:00-04:00,2026-05-01 15:50:00-04:00,2026-05-04 09:30:00-04:00,2026-05-06 13:10:00-04:00,600,202,398,0.33666666666666667,0.0008566336956080904,trained,XGBoost,1.9702970297029703,200,0.625,0.558803725732241,0.3902439024390244,0.335,0.28,101,32,43,24
TSLA,XGBoost,4,2026-04-22 11:10:00-04:00,2026-05-06 13:05:00-04:00,2026-05-06 13:15:00-04:00,2026-05-11 10:20:00-04:00,800,269,531,0.33625,0.0008566336956080904,trained,XGBoost,1.9739776951672863,200,0.62,0.5347858914895912,0.2962962962962963,0.365,0.175,108,19,57,16
TSLA,XGBoost,5,2026-04-22 11:10:00-04:00,2026-05-11 10:15:00-04:00,2026-05-11 10:25:00-04:00,2026-05-13 14:00:00-04:00,1000,342,658,0.342,0.0008566336956080904,trained,XGBoost,1.9239766081871346,200,0.56,0.5435139573070608,0.4567901234567901,0.42,0.39,75,41,47,37
TSLA,XGBoost,6,2026-04-24 14:50:00-04:00,2026-05-13 13:55:00-04:00,2026-05-13 14:05:00-04:00,2026-05-18 11:10:00-04:00,1000,363,637,0.363,0.0008566336956080904,trained,XGBoost,1.7548209366391185,200,0.585,0.5813347236704901,0.4645161290322581,0.315,0.46,81,56,27,36
TSLA,XGBoost,7,2026-04-29 12:05:00-04:00,2026-05-18 11:05:00-04:00,2026-05-18 11:15:00-04:00,2026-05-20 14:50:00-04:00,1000,362,638,0.362,0.0008566336956080904,trained,XGBoost,1.7624309392265194,200,0.505,0.5116723259762309,0.4530386740331492,0.38,0.525,60,64,35,41
TSLA,XGBoost,8,2026-05-01 15:55:00-04:00,2026-05-20 14:45:00-04:00,2026-05-20 14:55:00-04:00,2026-05-26 12:00:00-04:00,1000,363,637,0.363,0.0008566336956080904,trained,XGBoost,1.7548209366391185,200,0.545,0.4675213675213675,0.2601626016260163,0.325,0.29,93,42,49,16
TSLA,XGBoost,9,2026-05-06 13:10:00-04:00,2026-05-26 11:55:00-04:00,2026-05-26 12:05:00-04:00,2026-05-28 15:40:00-04:00,1000,361,639,0.361,0.0008566336956080904,trained,XGBoost,1.7700831024930748,200,0.62,0.5238095238095237,0.3090909090909091,0.3,0.25,107,33,43,17
TSLA,XGBoost,10,2026-05-11 10:20:00-04:00,2026-05-28 15:35:00-04:00,2026-05-28 15:45:00-04:00,2026-06-02 12:50:00-04:00,1000,347,653,0.347,0.0008566336956080904,trained,XGBoost,1.8818443804034581,200,0.625,0.6105413105413106,0.4966442953020134,0.325,0.42,88,47,28,37
TSLA,XGBoost,11,2026-05-13 14:00:00-04:00,2026-06-02 12:45:00-04:00,2026-06-02 12:55:00-04:00,2026-06-05 10:00:00-04:00,1000,328,672,0.328,0.0008566336956080904,trained,XGBoost,2.048780487804878,200,0.6,0.5107174945449878,0.2982456140350877,0.265,0.305,103,44,36,17
TSLA,XGBoost,12,2026-05-18 11:10:00-04:00,2026-06-05 09:55:00-04:00,2026-06-05 10:05:00-04:00,2026-06-09 13:40:00-04:00,1000,319,681,0.319,0.0008566336956080904,trained,XGBoost,2.134796238244514,200,0.385,0.48452380952380947,0.41706161137440756,0.3,0.755,33,107,16,44
TSLA,XGBoost,13,2026-05-20 14:50:00-04:00,2026-06-09 13:35:00-04:00,2026-06-09 13:45:00-04:00,2026-06-12 10:50:00-04:00,1000,303,697,0.303,0.0008566336956080904,trained,XGBoost,2.3003300330033003,200,0.505,0.5203296703296703,0.44692737430167595,0.35,0.545,61,69,30,40
TSLA,XGBoost,14,2026-05-26 12:00:00-04:00,2026-06-12 10:45:00-04:00,2026-06-12 10:55:00-04:00,2026-06-16 14:30:00-04:00,1000,308,692,0.308,0.0008566336956080904,trained,XGBoost,2.2467532467532467,200,0.605,0.5403297682709447,0.368,0.34,0.285,98,34,45,23
TSLA,XGBoost,15,2026-05-28 15:40:00-04:00,2026-06-16 14:25:00-04:00,2026-06-16 14:35:00-04:00,2026-06-22 11:40:00-04:00,1000,317,683,0.317,0.0008566336956080904,trained,XGBoost,2.1545741324921135,200,0.55,0.5414438502673797,0.4375,0.34,0.46,75,57,33,35
TSLA,XGBoost,16,2026-06-02 12:50:00-04:00,2026-06-22 11:35:00-04:00,2026-06-22 11:45:00-04:00,2026-06-24 15:20:00-04:00,1000,320,680,0.32,0.0008566336956080904,trained,XGBoost,2.125,200,0.455,0.46929672112153864,0.3699421965317919,0.315,0.55,59,78,31,32
TSLA,XGBoost,17,2026-06-05 10:00:00-04:00,2026-06-24 15:15:00-04:00,2026-06-24 15:25:00-04:00,2026-06-29 12:30:00-04:00,1000,328,672,0.328,0.0008566336956080904,trained,XGBoost,2.048780487804878,200,0.53,0.5197802197802198,0.41975308641975306,0.35,0.46,72,58,36,34
TSLA,XGBoost,18,2026-06-09 13:40:00-04:00,2026-06-29 12:25:00-04:00,2026-06-29 12:35:00-04:00,2026-07-02 09:40:00-04:00,1000,339,661,0.339,0.0008566336956080904,trained,XGBoost,1.9498525073746313,200,0.6,0.5002615336332252,0.047619047619047616,0.395,0.025,118,3,77,2
TSLA,XGBoost,19,2026-06-12 10:50:00-04:00,2026-07-02 09:35:00-04:00,2026-07-02 09:45:00-04:00,2026-07-07 13:20:00-04:00,1000,348,652,0.348,0.0008566336956080904,trained,XGBoost,1.8735632183908046,200,0.515,0.492,0.3821656050955414,0.375,0.41,73,52,45,30
TSLA,XGBoost,20,2026-06-16 14:30:00-04:00,2026-07-07 13:15:00-04:00,2026-07-07 13:25:00-04:00,2026-07-10 10:30:00-04:00,1000,355,645,0.355,0.0008566336956080904,trained,XGBoost,1.8169014084507042,200,0.51,0.4754901960784314,0.33783783783783783,0.34,0.4,77,55,43,25
TSLA,XGBoost,21,2026-06-22 11:40:00-04:00,2026-07-10 10:25:00-04:00,2026-07-10 10:35:00-04:00,2026-07-14 14:10:00-04:00,1000,354,646,0.354,0.0008566336956080904,trained,XGBoost,1.8248587570621468,200,0.61,0.5531836584468164,0.38095238095238093,0.285,0.345,98,45,33,24
TSLA,XGBoost,22,2026-06-24 15:20:00-04:00,2026-07-14 14:05:00-04:00,2026-07-14 14:15:00-04:00,2026-07-17 11:20:00-04:00,1000,350,650,0.35,0.0008566336956080904,trained,XGBoost,1.8571428571428572,200,0.555,0.4912725557259111,0.31007751937984496,0.305,0.34,91,48,41,20
TSLA,XGBoost,23,2026-06-29 12:30:00-04:00,2026-07-17 11:15:00-04:00,2026-07-17 11:25:00-04:00,2026-07-17 15:55:00-04:00,1000,339,661,0.339,0.0008566336956080904,trained,XGBoost,1.9498525073746313,54,0.6851851851851852,0.6112877583465819,0.45161290322580644,0.3148148148148148,0.25925925925925924,30,7,10,7
NVDA,Random Forest,1,2026-04-22 11:10:00-04:00,2026-04-24 14:45:00-04:00,2026-04-24 14:55:00-04:00,2026-04-29 12:00:00-04:00,200,63,137,0.315,0.0005706197471821114,trained,Random Forest,2.1746031746031744,200,0.565,0.5112531969309463,0.23008849557522124,0.425,0.14,100,15,72,13
NVDA,Random Forest,2,2026-04-22 11:10:00-04:00,2026-04-29 11:55:00-04:00,2026-04-29 12:05:00-04:00,2026-05-01 15:55:00-04:00,400,148,252,0.37,0.0005706197471821114,trained,Random Forest,1.7027027027027026,200,0.62,0.5374331550802138,0.3333333333333333,0.34,0.23,105,27,49,19
NVDA,Random Forest,3,2026-04-22 11:10:00-04:00,2026-05-01 15:50:00-04:00,2026-05-04 09:30:00-04:00,2026-05-06 13:30:00-04:00,600,216,384,0.36,0.0005706197471821114,trained,Random Forest,1.7777777777777777,200,0.61,0.6072048611111112,0.524390243902439,0.36,0.46,79,49,29,43
NVDA,Random Forest,4,2026-04-22 11:10:00-04:00,2026-05-06 13:25:00-04:00,2026-05-06 13:35:00-04:00,2026-05-11 10:45:00-04:00,800,288,512,0.36,0.0005706197471821114,trained,Random Forest,1.7777777777777777,200,0.595,0.5400669526101056,0.352,0.395,0.23,97,24,57,22
NVDA,Random Forest,5,2026-04-22 11:10:00-04:00,2026-05-11 10:40:00-04:00,2026-05-11 10:50:00-04:00,2026-05-13 14:35:00-04:00,1000,367,633,0.367,0.0005706197471821114,trained,Random Forest,1.7247956403269755,200,0.57,0.5361881134721174,0.410958904109589,0.365,0.365,84,43,43,30
NVDA,Random Forest,6,2026-04-24 14:50:00-04:00,2026-05-13 14:30:00-04:00,2026-05-13 14:40:00-04:00,2026-05-18 12:00:00-04:00,1000,378,622,0.378,0.0005706197471821114,trained,Random Forest,1.6455026455026456,200,0.56,0.5323413300941391,0.36231884057971014,0.445,0.245,87,24,64,25
NVDA,Random Forest,7,2026-04-29 12:00:00-04:00,2026-05-18 11:55:00-04:00,2026-05-18 12:05:00-04:00,2026-05-20 15:40:00-04:00,1000,381,619,0.381,0.0005706197471821114,trained,Random Forest,1.6246719160104988,200,0.595,0.5510513652055654,0.4,0.395,0.28,92,29,52,27
NVDA,Random Forest,8,2026-05-01 15:55:00-04:00,2026-05-20 15:35:00-04:00,2026-05-20 15:45:00-04:00,2026-05-26 12:50:00-04:00,1000,393,607,0.393,0.0005706197471821114,trained,Random Forest,1.544529262086514,200,0.54,0.5507338190265019,0.5,0.385,0.535,62,61,31,46
NVDA,Random Forest,9,2026-05-06 13:30:00-04:00,2026-05-26 12:45:00-04:00,2026-05-26 12:55:00-04:00,2026-05-29 10:00:00-04:00,1000,398,602,0.398,0.0005706197471821114,trained,Random Forest,1.5125628140703518,200,0.495,0.48721227621483376,0.4228571428571429,0.425,0.45,62,53,48,37
NVDA,Random Forest,10,2026-05-11 10:45:00-04:00,2026-05-29 09:55:00-04:00,2026-05-29 10:05:00-04:00,2026-06-02 13:40:00-04:00,1000,404,596,0.404,0.0005706197471821114,trained,Random Forest,1.4752475247524752,200,0.52,0.4786189420335762,0.323943661971831,0.385,0.325,81,42,54,23
NVDA,Random Forest,11,2026-05-13 14:35:00-04:00,2026-06-02 13:35:00-04:00,2026-06-02 13:45:00-04:00,2026-06-05 10:50:00-04:00,1000,407,593,0.407,0.0005706197471821114,trained,Random Forest,1.457002457002457,200,0.58,0.5286724273369993,0.373134328358209,0.335,0.335,91,42,42,25
NVDA,Random Forest,12,2026-05-18 12:00:00-04:00,2026-06-05 10:45:00-04:00,2026-06-05 10:55:00-04:00,2026-06-09 14:30:00-04:00,1000,386,614,0.386,0.0005706197471821114,trained,Random Forest,1.5906735751295338,200,0.405,0.45959079283887466,0.5405405405405406,0.425,0.87,11,104,15,70
NVDA,Random Forest,13,2026-05-20 15:40:00-04:00,2026-06-09 14:25:00-04:00,2026-06-09 14:35:00-04:00,2026-06-12 11:40:00-04:00,1000,390,610,0.39,0.0005706197471821114,trained,Random Forest,1.564102564102564,200,0.43,0.5138115514794191,0.5,0.355,0.785,29,100,14,57
NVDA,Random Forest,14,2026-05-26 12:50:00-04:00,2026-06-12 11:35:00-04:00,2026-06-12 11:45:00-04:00,2026-06-16 15:20:00-04:00,1000,385,615,0.385,0.0005706197471821114,trained,Random Forest,1.5974025974025974,200,0.585,0.5394385026737968,0.39416058394160586,0.34,0.345,90,42,41,27
NVDA,Random Forest,15,2026-05-29 10:00:00-04:00,2026-06-16 15:15:00-04:00,2026-06-16 15:25:00-04:00,2026-06-22 12:30:00-04:00,1000,367,633,0.367,0.0005706197471821114,trained,Random Forest,1.7247956403269755,200,0.615,0.5521978021978022,0.384,0.35,0.275,99,31,46,24
NVDA,Random Forest,16,2026-06-02 13:40:00-04:00,2026-06-22 12:25:00-04:00,2026-06-22 12:35:00-04:00,2026-06-25 09:40:00-04:00,1000,361,639,0.361,0.0005706197471821114,trained,Random Forest,1.7700831024930748,200,0.53,0.48542982030111703,0.3188405797101449,0.29,0.4,84,58,36,22
NVDA,Random Forest,17,2026-06-05 10:50:00-04:00,2026-06-25 09:35:00-04:00,2026-06-25 09:45:00-04:00,2026-06-29 13:20:00-04:00,1000,352,648,0.352,0.0005706197471821114,trained,Random Forest,1.8409090909090908,200,0.56,0.5946666666666667,0.5555555555555556,0.375,0.615,57,68,20,55
NVDA,Random Forest,18,2026-06-09 14:30:00-04:00,2026-06-29 13:15:00-04:00,2026-06-29 13:25:00-04:00,2026-07-02 10:30:00-04:00,1000,342,658,0.342,0.0005706197471821114,trained,Random Forest,1.9239766081871346,200,0.65,0.566066066066066,0.33962264150943394,0.37,0.16,112,14,56,18
NVDA,Random Forest,19,2026-06-12 11:40:00-04:00,2026-07-02 10:25:00-04:00,2026-07-02 10:35:00-04:00,2026-07-07 14:10:00-04:00,1000,344,656,0.344,0.0005706197471821114,trained,Random Forest,1.9069767441860466,200,0.51,0.4887708817347052,0.3717948717948718,0.345,0.435,73,58,40,29
NVDA,Random Forest,20,2026-06-16 15:20:00-04:00,2026-07-07 14:05:00-04:00,2026-07-07 14:15:00-04:00,2026-07-10 11:20:00-04:00,1000,346,654,0.346,0.0005706197471821114,trained,Random Forest,1.8901734104046244,200,0.58,0.5335038363171356,0.3114754098360656,0.425,0.185,97,18,66,19
NVDA,Random Forest,21,2026-06-22 12:30:00-04:00,2026-07-10 11:15:00-04:00,2026-07-10 11:25:00-04:00,2026-07-14 15:00:00-04:00,1000,360,640,0.36,0.0005706197471821114,trained,Random Forest,1.7777777777777777,200,0.64,0.5083672546359114,0.18181818181818182,0.33,0.11,120,14,58,8
NVDA,Random Forest,22,2026-06-25 09:40:00-04:00,2026-07-14 14:55:00-04:00,2026-07-14 15:05:00-04:00,2026-07-17 12:10:00-04:00,1000,369,631,0.369,0.0005706197471821114,trained,Random Forest,1.7100271002710028,200,0.57,0.5216026781044043,0.3484848484848485,0.395,0.265,91,30,56,23
NVDA,Random Forest,23,2026-06-29 13:20:00-04:00,2026-07-17 12:05:00-04:00,2026-07-17 12:15:00-04:00,2026-07-17 15:55:00-04:00,1000,373,627,0.373,0.0005706197471821114,trained,Random Forest,1.6809651474530831,44,0.5681818181818182,0.5372208436724566,0.3870967741935484,0.29545454545454547,0.4090909090909091,19,12,7,6
NVDA,Logistic Regression,1,2026-04-22 11:10:00-04:00,2026-04-24 14:45:00-04:00,2026-04-24 14:55:00-04:00,2026-04-29 12:00:00-04:00,200,63,137,0.315,0.0005706197471821114,trained,Logistic Regression,2.1746031746031744,200,0.5,0.4578005115089514,0.23076923076923078,0.425,0.225,85,30,70,15
NVDA,Logistic Regression,2,2026-04-22 11:10:00-04:00,2026-04-29 11:55:00-04:00,2026-04-29 12:05:00-04:00,2026-05-01 15:55:00-04:00,400,148,252,0.37,0.0005706197471821114,trained,Logistic Regression,1.7027027027027026,200,0.54,0.4625668449197861,0.2459016393442623,0.34,0.27,93,39,53,15
NVDA,Logistic Regression,3,2026-04-22 11:10:00-04:00,2026-05-01 15:50:00-04:00,2026-05-04 09:30:00-04:00,2026-05-06 13:30:00-04:00,600,216,384,0.36,0.0005706197471821114,trained,Logistic Regression,1.7777777777777777,200,0.6,0.5203993055555556,0.2982456140350877,0.36,0.21,103,25,55,17
NVDA,Logistic Regression,4,2026-04-22 11:10:00-04:00,2026-05-06 13:25:00-04:00,2026-05-06 13:35:00-04:00,2026-05-11 10:45:00-04:00,800,288,512,0.36,0.0005706197471821114,trained,Logistic Regression,1.7777777777777777,200,0.49,0.5191965686787321,0.5048543689320388,0.395,0.635,46,75,27,52
NVDA,Logistic Regression,5,2026-04-22 11:10:00-04:00,2026-05-11 10:40:00-04:00,2026-05-11 10:50:00-04:00,2026-05-13 14:35:00-04:00,1000,367,633,0.367,0.0005706197471821114,trained,Logistic Regression,1.7247956403269755,200,0.52,0.5259411066767339,0.45454545454545453,0.365,0.515,64,63,33,40
NVDA,Logistic Regression,6,2026-04-24 14:50:00-04:00,2026-05-13 14:30:00-04:00,2026-05-13 14:40:00-04:00,2026-05-18 12:00:00-04:00,1000,378,622,0.378,0.0005706197471821114,trained,Logistic Regression,1.6455026455026456,200,0.53,0.5209029253973074,0.45348837209302323,0.445,0.415,67,44,50,39
NVDA,Logistic Regression,7,2026-04-29 12:00:00-04:00,2026-05-18 11:55:00-04:00,2026-05-18 12:05:00-04:00,2026-05-20 15:40:00-04:00,1000,381,619,0.381,0.0005706197471821114,trained,Logistic Regression,1.6246719160104988,200,0.58,0.558426613662517,0.46153846153846156,0.395,0.385,80,41,43,36
NVDA,Logistic Regression,8,2026-05-01 15:55:00-04:00,2026-05-20 15:35:00-04:00,2026-05-20 15:45:00-04:00,2026-05-26 12:50:00-04:00,1000,393,607,0.393,0.0005706197471821114,trained,Logistic Regression,1.544529262086514,200,0.54,0.5507338190265019,0.5,0.385,0.535,62,61,31,46
NVDA,Logistic Regression,9,2026-05-06 13:30:00-04:00,2026-05-26 12:45:00-04:00,2026-05-26 12:55:00-04:00,2026-05-29 10:00:00-04:00,1000,398,602,0.398,0.0005706197471821114,trained,Logistic Regression,1.5125628140703518,200,0.49,0.5181585677749361,0.5405405405405406,0.425,0.685,38,77,25,60
NVDA,Logistic Regression,10,2026-05-11 10:45:00-04:00,2026-05-29 09:55:00-04:00,2026-05-29 10:05:00-04:00,2026-06-02 13:40:00-04:00,1000,404,596,0.404,0.0005706197471821114,trained,Logistic Regression,1.4752475247524752,200,0.515,0.48912469644176965,0.3741935483870968,0.385,0.39,74,49,48,29
NVDA,Logistic Regression,11,2026-05-13 14:35:00-04:00,2026-06-02 13:35:00-04:00,2026-06-02 13:45:00-04:00,2026-06-05 10:50:00-04:00,1000,407,593,0.407,0.0005706197471821114,trained,Logistic Regression,1.457002457002457,200,0.48,0.4942206261923465,0.4090909090909091,0.335,0.545,60,73,31,36
NVDA,Logistic Regression,12,2026-05-18 12:00:00-04:00,2026-06-05 10:45:00-04:00,2026-06-05 10:55:00-04:00,2026-06-09 14:30:00-04:00,1000,386,614,0.386,0.0005706197471821114,trained,Logistic Regression,1.5906735751295338,200,0.43,0.5043478260869565,0.5985915492957746,0.425,0.995,1,114,0,85
NVDA,Logistic Regression,13,2026-05-20 15:40:00-04:00,2026-06-09 14:25:00-04:00,2026-06-09 14:35:00-04:00,2026-06-12 11:40:00-04:00,1000,390,610,0.39,0.0005706197471821114,trained,Logistic Regression,1.564102564102564,200,0.355,0.5,0.5239852398523985,0.355,1.0,0,129,0,71
NVDA,Logistic Regression,14,2026-05-26 12:50:00-04:00,2026-06-12 11:35:00-04:00,2026-06-12 11:45:00-04:00,2026-06-16 15:20:00-04:00,1000,385,615,0.385,0.0005706197471821114,trained,Logistic Regression,1.5974025974025974,200,0.495,0.4890819964349376,0.3878787878787879,0.34,0.485,67,65,36,32
NVDA,Logistic Regression,15,2026-05-29 10:00:00-04:00,2026-06-16 15:15:00-04:00,2026-06-16 15:25:00-04:00,2026-06-22 12:30:00-04:00,1000,367,633,0.367,0.0005706197471821114,trained,Logistic Regression,1.7247956403269755,200,0.57,0.5373626373626373,0.410958904109589,0.35,0.38,84,46,40,30
NVDA,Logistic Regression,16,2026-06-02 13:40:00-04:00,2026-06-22 12:25:00-04:00,2026-06-22 12:35:00-04:00,2026-06-25 09:40:00-04:00,1000,361,639,0.361,0.0005706197471821114,trained,Logistic Regression,1.7700831024930748,200,0.455,0.5499028654686742,0.45226130653266333,0.29,0.705,46,96,13,45
NVDA,Logistic Regression,17,2026-06-05 10:50:00-04:00,2026-06-25 09:35:00-04:00,2026-06-25 09:45:00-04:00,2026-06-29 13:20:00-04:00,1000,352,648,0.352,0.0005706197471821114,trained,Logistic Regression,1.8409090909090908,200,0.42,0.5013333333333333,0.5166666666666667,0.375,0.825,22,103,13,62
NVDA,Logistic Regression,18,2026-06-09 14:30:00-04:00,2026-06-29 13:15:00-04:00,2026-06-29 13:25:00-04:00,2026-07-02 10:30:00-04:00,1000,342,658,0.342,0.0005706197471821114,trained,Logistic Regression,1.9239766081871346,200,0.61,0.5845130845130846,0.48,0.37,0.38,86,40,38,36
NVDA,Logistic Regression,19,2026-06-12 11:40:00-04:00,2026-07-02 10:25:00-04:00,2026-07-02 10:35:00-04:00,2026-07-07 14:10:00-04:00,1000,344,656,0.344,0.0005706197471821114,trained,Logistic Regression,1.9069767441860466,200,0.49,0.49065162075450824,0.4,0.345,0.505,64,67,35,34
NVDA,Logistic Regression,20,2026-06-16 15:20:00-04:00,2026-07-07 14:05:00-04:00,2026-07-07 14:15:00-04:00,2026-07-10 11:20:00-04:00,1000,346,654,0.346,0.0005706197471821114,trained,Logistic Regression,1.8901734104046244,200,0.56,0.5161125319693095,0.30158730158730157,0.425,0.205,93,22,66,19
NVDA,Logistic Regression,21,2026-06-22 12:30:00-04:00,2026-07-10 11:15:00-04:00,2026-07-10 11:25:00-04:00,2026-07-14 15:00:00-04:00,1000,360,640,0.36,0.0005706197471821114,trained,Logistic Regression,1.7777777777777777,200,0.69,0.5456806874717323,0.20512820512820512,0.33,0.06,130,4,58,8
NVDA,Logistic Regression,22,2026-06-25 09:40:00-04:00,2026-07-14 14:55:00-04:00,2026-07-14 15:05:00-04:00,2026-07-17 12:10:00-04:00,1000,369,631,0.369,0.0005706197471821114,trained,Logistic Regression,1.7100271002710028,200,0.545,0.5207134637514385,0.4129032258064516,0.395,0.38,77,44,47,32
NVDA,Logistic Regression,23,2026-06-29 13:20:00-04:00,2026-07-17 12:05:00-04:00,2026-07-17 12:15:00-04:00,2026-07-17 15:55:00-04:00,1000,373,627,0.373,0.0005706197471821114,trained,Logistic Regression,1.6809651474530831,44,0.5454545454545454,0.4540942928039702,0.23076923076923078,0.29545454545454547,0.29545454545454547,21,10,10,3
NVDA,XGBoost,1,2026-04-22 11:10:00-04:00,2026-04-24 14:45:00-04:00,2026-04-24 14:55:00-04:00,2026-04-29 12:00:00-04:00,200,63,137,0.315,0.0005706197471821114,trained,XGBoost,2.1746031746031744,200,0.555,0.5086956521739131,0.2764227642276423,0.425,0.19,94,21,68,17
NVDA,XGBoost,2,2026-04-22 11:10:00-04:00,2026-04-29 11:55:00-04:00,2026-04-29 12:05:00-04:00,2026-05-01 15:55:00-04:00,400,148,252,0.37,0.0005706197471821114,trained,XGBoost,1.7027027027027026,200,0.555,0.5202762923351159,0.38620689655172413,0.34,0.385,83,49,40,28
NVDA,XGBoost,3,2026-04-22 11:10:00-04:00,2026-05-01 15:50:00-04:00,2026-05-04 09:30:00-04:00,2026-05-06 13:30:00-04:00,600,216,384,0.36,0.0005706197471821114,trained,XGBoost,1.7777777777777777,200,0.57,0.5698784722222222,0.4880952380952381,0.36,0.48,73,55,31,41
NVDA,XGBoost,4,2026-04-22 11:10:00-04:00,2026-05-06 13:25:00-04:00,2026-05-06 13:35:00-04:00,2026-05-11 10:45:00-04:00,800,288,512,0.36,0.0005706197471821114,trained,XGBoost,1.7777777777777777,200,0.59,0.5557066638769745,0.4305555555555556,0.395,0.325,87,34,48,31
NVDA,XGBoost,5,2026-04-22 11:10:00-04:00,2026-05-11 10:40:00-04:00,2026-05-11 10:50:00-04:00,2026-05-13 14:35:00-04:00,1000,367,633,0.367,0.0005706197471821114,trained,XGBoost,1.7247956403269755,200,0.485,0.5158558947254881,0.4717948717948718,0.365,0.61,51,76,27,46
NVDA,XGBoost,6,2026-04-24 14:50:00-04:00,2026-05-13 14:30:00-04:00,2026-05-13 14:40:00-04:00,2026-05-18 12:00:00-04:00,1000,378,622,0.378,0.0005706197471821114,trained,XGBoost,1.6455026455026456,200,0.575,0.5458548436076527,0.37037037037037035,0.445,0.23,90,21,64,25
NVDA,XGBoost,7,2026-04-29 12:00:00-04:00,2026-05-18 11:55:00-04:00,2026-05-18 12:05:00-04:00,2026-05-20 15:40:00-04:00,1000,381,619,0.381,0.0005706197471821114,trained,XGBoost,1.6246719160104988,200,0.58,0.560623496181609,0.46835443037974683,0.395,0.395,79,42,42,37
NVDA,XGBoost,8,2026-05-01 15:55:00-04:00,2026-05-20 15:35:00-04:00,2026-05-20 15:45:00-04:00,2026-05-26 12:50:00-04:00,1000,393,607,0.393,0.0005706197471821114,trained,XGBoost,1.544529262086514,200,0.525,0.5579664238200823,0.5320197044334976,0.385,0.63,51,72,23,54
NVDA,XGBoost,9,2026-05-06 13:30:00-04:00,2026-05-26 12:45:00-04:00,2026-05-26 12:55:00-04:00,2026-05-29 10:00:00-04:00,1000,398,602,0.398,0.0005706197471821114,trained,XGBoost,1.5125628140703518,200,0.455,0.4815856777493606,0.5067873303167421,0.425,0.68,35,80,29,56
NVDA,XGBoost,10,2026-05-11 10:45:00-04:00,2026-05-29 09:55:00-04:00,2026-05-29 10:05:00-04:00,2026-06-02 13:40:00-04:00,1000,404,596,0.404,0.0005706197471821114,trained,XGBoost,1.4752475247524752,200,0.495,0.46557913631084363,0.33986928104575165,0.385,0.38,73,50,51,26
NVDA,XGBoost,11,2026-05-13 14:35:00-04:00,2026-06-02 13:35:00-04:00,2026-06-02 13:45:00-04:00,2026-06-05 10:50:00-04:00,1000,407,593,0.407,0.0005706197471821114,trained,XGBoost,1.457002457002457,200,0.545,0.5060599259342387,0.36363636363636365,0.335,0.38,83,50,41,26
NVDA,XGBoost,12,2026-05-18 12:00:00-04:00,2026-06-05 10:45:00-04:00,2026-06-05 10:55:00-04:00,2026-06-09 14:30:00-04:00,1000,386,614,0.386,0.0005706197471821114,trained,XGBoost,1.5906735751295338,200,0.425,0.4861892583120205,0.5692883895131086,0.425,0.91,9,106,9,76
NVDA,XGBoost,13,2026-05-20 15:40:00-04:00,2026-06-09 14:25:00-04:00,2026-06-09 14:35:00-04:00,2026-06-12 11:40:00-04:00,1000,390,610,0.39,0.0005706197471821114,trained,XGBoost,1.564102564102564,200,0.405,0.5165956982203297,0.5182186234817814,0.355,0.88,17,112,7,64
NVDA,XGBoost,14,2026-05-26 12:50:00-04:00,2026-06-12 11:35:00-04:00,2026-06-12 11:45:00-04:00,2026-06-16 15:20:00-04:00,1000,385,615,0.385,0.0005706197471821114,trained,XGBoost,1.5974025974025974,200,0.57,0.5459001782531194,0.4266666666666667,0.34,0.41,82,50,36,32
NVDA,XGBoost,15,2026-05-29 10:00:00-04:00,2026-06-16 15:15:00-04:00,2026-06-16 15:25:00-04:00,2026-06-22 12:30:00-04:00,1000,367,633,0.367,0.0005706197471821114,trained,XGBoost,1.7247956403269755,200,0.57,0.5439560439560439,0.4266666666666667,0.35,0.4,82,48,38,32
NVDA,XGBoost,16,2026-06-02 13:40:00-04:00,2026-06-22 12:25:00-04:00,2026-06-22 12:35:00-04:00,2026-06-25 09:40:00-04:00,1000,361,639,0.361,0.0005706197471821114,trained,XGBoost,1.7700831024930748,200,0.525,0.48190869354055366,0.31654676258992803,0.29,0.405,83,59,36,22
NVDA,XGBoost,17,2026-06-05 10:50:00-04:00,2026-06-25 09:35:00-04:00,2026-06-25 09:45:00-04:00,2026-06-29 13:20:00-04:00,1000,352,648,0.352,0.0005706197471821114,trained,XGBoost,1.8409090909090908,200,0.395,0.508,0.5433962264150943,0.375,0.95,7,118,3,72
NVDA,XGBoost,18,2026-06-09 14:30:00-04:00,2026-06-29 13:15:00-04:00,2026-06-29 13:25:00-04:00,2026-07-02 10:30:00-04:00,1000,342,658,0.342,0.0005706197471821114,trained,XGBoost,1.9239766081871346,200,0.615,0.5550193050193051,0.384,0.37,0.255,99,27,50,24
NVDA,XGBoost,19,2026-06-12 11:40:00-04:00,2026-07-02 10:25:00-04:00,2026-07-02 10:35:00-04:00,2026-07-07 14:10:00-04:00,1000,344,656,0.344,0.0005706197471821114,trained,XGBoost,1.9069767441860466,200,0.49,0.4975107865914371,0.41379310344827586,0.345,0.525,62,69,33,36
NVDA,XGBoost,20,2026-06-16 15:20:00-04:00,2026-07-07 14:05:00-04:00,2026-07-07 14:15:00-04:00,2026-07-10 11:20:00-04:00,1000,346,654,0.346,0.0005706197471821114,trained,XGBoost,1.8901734104046244,200,0.545,0.5168797953964195,0.38095238095238093,0.425,0.31,81,34,57,28
NVDA,XGBoost,21,2026-06-22 12:30:00-04:00,2026-07-10 11:15:00-04:00,2026-07-10 11:25:00-04:00,2026-07-14 15:00:00-04:00,1000,360,640,0.36,0.0005706197471821114,trained,XGBoost,1.7777777777777777,200,0.625,0.5356173677069199,0.32432432432432434,0.33,0.225,107,27,48,18
NVDA,XGBoost,22,2026-06-25 09:40:00-04:00,2026-07-14 14:55:00-04:00,2026-07-14 15:05:00-04:00,2026-07-17 12:10:00-04:00,1000,369,631,0.369,0.0005706197471821114,trained,XGBoost,1.7100271002710028,200,0.58,0.5320640234334135,0.36363636363636365,0.395,0.265,92,29,55,24
NVDA,XGBoost,23,2026-06-29 13:20:00-04:00,2026-07-17 12:05:00-04:00,2026-07-17 12:15:00-04:00,2026-07-17 15:55:00-04:00,1000,373,627,0.373,0.0005706197471821114,trained,XGBoost,1.6809651474530831,44,0.4090909090909091,0.4466501240694789,0.35,0.29545454545454547,0.6136363636363636,11,20,6,7
CBA.AX,Random Forest,1,2026-04-24 11:40:00+10:00,2026-04-29 10:20:00+10:00,2026-04-29 10:30:00+10:00,2026-05-01 15:05:00+10:00,200,58,142,0.29,0.0005,trained,Random Forest,2.4482758620689653,200,0.575,0.5011904761904762,0.3089430894308943,0.3,0.315,96,44,41,19
CBA.AX,Random Forest,2,2026-04-24 11:40:00+10:00,2026-05-01 15:00:00+10:00,2026-05-01 15:10:00+10:00,2026-05-06 14:05:00+10:00,400,117,283,0.2925,0.0005,trained,Random Forest,2.4188034188034186,200,0.54,0.5076923076923077,0.3783783783783784,0.35,0.39,80,50,42,28
CBA.AX,Random Forest,3,2026-04-24 11:40:00+10:00,2026-05-06 14:00:00+10:00,2026-05-06 14:10:00+10:00,2026-05-11 12:55:00+10:00,600,188,412,0.31333333333333335,0.0005,trained,Random Forest,2.1914893617021276,200,0.63,0.4975198412698413,0.22916666666666666,0.28,0.2,115,29,45,11
CBA.AX,Random Forest,4,2026-04-24 11:40:00+10:00,2026-05-11 12:50:00+10:00,2026-05-11 13:00:00+10:00,2026-05-14 11:40:00+10:00,800,244,556,0.305,0.0005,trained,Random Forest,2.278688524590164,200,0.52,0.5766713417484806,0.4838709677419355,0.31,0.62,59,79,17,45
CBA.AX,Random Forest,5,2026-04-24 11:40:00+10:00,2026-05-14 11:35:00+10:00,2026-05-14 11:45:00+10:00,2026-05-19 10:20:00+10:00,1000,306,694,0.306,0.0005,trained,Random Forest,2.2679738562091503,200,0.485,0.4838205155862366,0.4046242774566474,0.365,0.5,62,65,38,35
CBA.AX,Random Forest,6,2026-04-29 10:25:00+10:00,2026-05-19 10:15:00+10:00,2026-05-19 10:25:00+10:00,2026-05-21 15:00:00+10:00,1000,321,679,0.321,0.0005,trained,Random Forest,2.115264797507788,200,0.525,0.5390625,0.4378698224852071,0.32,0.525,68,68,27,37
CBA.AX,Random Forest,7,2026-05-01 15:05:00+10:00,2026-05-21 14:55:00+10:00,2026-05-21 15:05:00+10:00,2026-05-26 13:40:00+10:00,1000,326,674,0.326,0.0005,trained,Random Forest,2.067484662576687,200,0.62,0.4848059841047218,0.17391304347826086,0.31,0.15,116,22,54,8
CBA.AX,Random Forest,8,2026-05-06 14:05:00+10:00,2026-05-26 13:35:00+10:00,2026-05-26 13:45:00+10:00,2026-05-29 12:20:00+10:00,1000,317,683,0.317,0.0005,trained,Random Forest,2.1545741324921135,200,0.605,0.5310755961440893,0.33613445378151263,0.27,0.325,101,45,34,20
CBA.AX,Random Forest,9,2026-05-11 12:55:00+10:00,2026-05-29 12:15:00+10:00,2026-05-29 12:25:00+10:00,2026-06-03 11:00:00+10:00,1000,315,685,0.315,0.0005,trained,Random Forest,2.1746031746031744,200,0.58,0.47704392078769775,0.19230769230769232,0.345,0.175,106,25,59,10
CBA.AX,Random Forest,10,2026-05-14 11:40:00+10:00,2026-06-03 10:55:00+10:00,2026-06-03 11:05:00+10:00,2026-06-05 15:35:00+10:00,1000,321,679,0.321,0.0005,trained,Random Forest,2.115264797507788,200,0.665,0.5258444524582282,0.24719101123595505,0.295,0.15,122,19,48,11
CBA.AX,Random Forest,11,2026-05-19 10:20:00+10:00,2026-06-05 15:30:00+10:00,2026-06-05 15:40:00+10:00,2026-06-11 14:15:00+10:00,1000,308,692,0.308,0.0005,trained,Random Forest,2.2467532467532467,200,0.52,0.5381763410960492,0.43529411764705883,0.315,0.535,67,70,26,37
CBA.AX,Random Forest,12,2026-05-21 15:00:00+10:00,2026-06-11 14:10:00+10:00,2026-06-11 14:20:00+10:00,2026-06-16 12:55:00+10:00,1000,307,693,0.307,0.0005,trained,Random Forest,2.257328990228013,200,0.56,0.4800347222222222,0.2413793103448276,0.36,0.22,98,30,58,14
CBA.AX,Random Forest,13,2026-05-26 13:40:00+10:00,2026-06-16 12:50:00+10:00,2026-06-16 13:00:00+10:00,2026-06-19 11:35:00+10:00,1000,317,683,0.317,0.0005,trained,Random Forest,2.1545741324921135,200,0.665,0.49627359057579035,0.12987012987012986,0.295,0.09,128,13,54,5
CBA.AX,Random Forest,14,2026-05-29 12:20:00+10:00,2026-06-19 11:30:00+10:00,2026-06-19 11:40:00+10:00,2026-06-24 10:15:00+10:00,1000,322,678,0.322,0.0005,trained,Random Forest,2.1055900621118013,200,0.67,0.4973288003885381,0.13157894736842105,0.29,0.09,129,13,53,5
CBA.AX,Random Forest,15,2026-06-03 11:00:00+10:00,2026-06-24 10:10:00+10:00,2026-06-24 10:20:00+10:00,2026-06-26 14:55:00+10:00,1000,312,688,0.312,0.0005,trained,Random Forest,2.2051282051282053,200,0.615,0.5086898395721925,0.2376237623762376,0.34,0.165,111,21,56,12
CBA.AX,Random Forest,16,2026-06-05 15:35:00+10:00,2026-06-26 14:50:00+10:00,2026-06-26 15:00:00+10:00,2026-07-01 13:30:00+10:00,1000,319,681,0.319,0.0005,trained,Random Forest,2.134796238244514,200,0.615,0.5278066528066527,0.3185840707964602,0.26,0.305,105,43,34,18
CBA.AX,Random Forest,17,2026-06-11 14:15:00+10:00,2026-07-01 13:25:00+10:00,2026-07-01 13:35:00+10:00,2026-07-06 12:05:00+10:00,1000,308,692,0.308,0.0005,trained,Random Forest,2.2467532467532467,200,0.69,0.5653968628375988,0.32608695652173914,0.305,0.155,123,16,46,15
CBA.AX,Random Forest,18,2026-06-16 12:55:00+10:00,2026-07-06 12:00:00+10:00,2026-07-06 12:10:00+10:00,2026-07-09 10:40:00+10:00,1000,297,703,0.297,0.0005,trained,Random Forest,2.367003367003367,200,0.69,0.5404411764705883,0.20512820512820512,0.32,0.07,130,6,56,8
CBA.AX,Random Forest,19,2026-06-19 11:35:00+10:00,2026-07-09 10:35:00+10:00,2026-07-09 10:45:00+10:00,2026-07-13 15:20:00+10:00,1000,303,697,0.303,0.0005,trained,Random Forest,2.3003300330033003,200,0.69,0.5166666666666666,0.1388888888888889,0.3,0.06,133,7,55,5
CBA.AX,Random Forest,20,2026-06-24 10:15:00+10:00,2026-07-13 15:15:00+10:00,2026-07-13 15:25:00+10:00,2026-07-16 14:00:00+10:00,1000,305,695,0.305,0.0005,trained,Random Forest,2.278688524590164,200,0.65,0.5071428571428571,0.20454545454545456,0.3,0.14,121,19,51,9
CBA.AX,Random Forest,21,2026-06-26 14:55:00+10:00,2026-07-16 13:55:00+10:00,2026-07-16 14:05:00+10:00,2026-07-17 16:10:00+10:00,1000,298,702,0.298,0.0005,trained,Random Forest,2.3557046979865772,95,0.631578947368421,0.4980449657869013,0.10256410256410256,0.3473684210526316,0.06315789473684211,58,4,31,2
CBA.AX,Logistic Regression,1,2026-04-24 11:40:00+10:00,2026-04-29 10:20:00+10:00,2026-04-29 10:30:00+10:00,2026-05-01 15:05:00+10:00,200,58,142,0.29,0.0005,trained,Logistic Regression,2.4482758620689653,200,0.465,0.4845238095238095,0.3742690058479532,0.3,0.555,61,79,28,32
CBA.AX,Logistic Regression,2,2026-04-24 11:40:00+10:00,2026-05-01 15:00:00+10:00,2026-05-01 15:10:00+10:00,2026-05-06 14:05:00+10:00,400,117,283,0.2925,0.0005,trained,Logistic Regression,2.4188034188034186,200,0.44,0.48681318681318686,0.44554455445544555,0.35,0.66,43,87,25,45
CBA.AX,Logistic Regression,3,2026-04-24 11:40:00+10:00,2026-05-06 14:00:00+10:00,2026-05-06 14:10:00+10:00,2026-05-11 12:55:00+10:00,600,188,412,0.31333333333333335,0.0005,trained,Logistic Regression,2.1914893617021276,200,0.68,0.5267857142857143,0.23809523809523808,0.28,0.14,126,18,46,10
CBA.AX,Logistic Regression,4,2026-04-24 11:40:00+10:00,2026-05-11 12:50:00+10:00,2026-05-11 13:00:00+10:00,2026-05-14 11:40:00+10:00,800,244,556,0.305,0.0005,trained,Logistic Regression,2.278688524590164,200,0.38,0.537400654511454,0.48760330578512395,0.31,0.9,17,121,3,59
CBA.AX,Logistic Regression,5,2026-04-24 11:40:00+10:00,2026-05-14 11:35:00+10:00,2026-05-14 11:45:00+10:00,2026-05-19 10:20:00+10:00,1000,306,694,0.306,0.0005,trained,Logistic Regression,2.2679738562091503,200,0.39,0.5022111962032143,0.5234375,0.365,0.915,11,116,6,67
CBA.AX,Logistic Regression,6,2026-04-29 10:25:00+10:00,2026-05-19 10:15:00+10:00,2026-05-19 10:25:00+10:00,2026-05-21 15:00:00+10:00,1000,321,679,0.321,0.0005,trained,Logistic Regression,2.115264797507788,200,0.415,0.49540441176470584,0.44019138755980863,0.32,0.725,37,99,18,46
CBA.AX,Logistic Regression,7,2026-05-01 15:05:00+10:00,2026-05-21 14:55:00+10:00,2026-05-21 15:05:00+10:00,2026-05-26 13:40:00+10:00,1000,326,674,0.326,0.0005,trained,Logistic Regression,2.067484662576687,200,0.65,0.5154277699859747,0.2222222222222222,0.31,0.14,120,18,52,10
CBA.AX,Logistic Regression,8,2026-05-06 14:05:00+10:00,2026-05-26 13:35:00+10:00,2026-05-26 13:45:00+10:00,2026-05-29 12:20:00+10:00,1000,317,683,0.317,0.0005,trained,Logistic Regression,2.1545741324921135,200,0.575,0.5221968543886352,0.34108527131782945,0.27,0.375,93,53,32,22
CBA.AX,Logistic Regression,9,2026-05-11 12:55:00+10:00,2026-05-29 12:15:00+10:00,2026-05-29 12:25:00+10:00,2026-06-03 11:00:00+10:00,1000,315,685,0.315,0.0005,trained,Logistic Regression,2.1746031746031744,200,0.605,0.4961278902533466,0.20202020202020202,0.345,0.15,111,20,59,10
CBA.AX,Logistic Regression,10,2026-05-14 11:40:00+10:00,2026-06-03 10:55:00+10:00,2026-06-03 11:05:00+10:00,2026-06-05 15:35:00+10:00,1000,321,679,0.321,0.0005,trained,Logistic Regression,2.115264797507788,200,0.59,0.4677244861161197,0.19607843137254902,0.295,0.215,108,33,49,10
CBA.AX,Logistic Regression,11,2026-05-19 10:20:00+10:00,2026-06-05 15:30:00+10:00,2026-06-05 15:40:00+10:00,2026-06-11 14:15:00+10:00,1000,308,692,0.308,0.0005,trained,Logistic Regression,2.2467532467532467,200,0.36,0.5199860966284324,0.4838709677419355,0.315,0.925,12,125,3,60
CBA.AX,Logistic Regression,12,2026-05-21 15:00:00+10:00,2026-06-11 14:10:00+10:00,2026-06-11 14:20:00+10:00,2026-06-16 12:55:00+10:00,1000,307,693,0.307,0.0005,trained,Logistic Regression,2.257328990228013,200,0.515,0.5360243055555556,0.4756756756756757,0.36,0.565,59,69,28,44
CBA.AX,Logistic Regression,13,2026-05-26 13:40:00+10:00,2026-06-16 12:50:00+10:00,2026-06-16 13:00:00+10:00,2026-06-19 11:35:00+10:00,1000,317,683,0.317,0.0005,trained,Logistic Regression,2.1545741324921135,200,0.67,0.5096766438273831,0.175,0.295,0.105,127,14,52,7
CBA.AX,Logistic Regression,14,2026-05-29 12:20:00+10:00,2026-06-19 11:30:00+10:00,2026-06-19 11:40:00+10:00,2026-06-24 10:15:00+10:00,1000,322,678,0.322,0.0005,trained,Logistic Regression,2.1055900621118013,200,0.7,0.5082564351627004,0.09090909090909091,0.29,0.04,137,5,55,3
CBA.AX,Logistic Regression,15,2026-06-03 11:00:00+10:00,2026-06-24 10:10:00+10:00,2026-06-24 10:20:00+10:00,2026-06-26 14:55:00+10:00,1000,312,688,0.312,0.0005,trained,Logistic Regression,2.2051282051282053,200,0.625,0.5233957219251337,0.27184466019417475,0.34,0.175,111,21,54,14
CBA.AX,Logistic Regression,16,2026-06-05 15:35:00+10:00,2026-06-26 14:50:00+10:00,2026-06-26 15:00:00+10:00,2026-07-01 13:30:00+10:00,1000,319,681,0.319,0.0005,trained,Logistic Regression,2.134796238244514,200,0.625,0.5906964656964657,0.4186046511627907,0.26,0.385,98,50,25,27
CBA.AX,Logistic Regression,17,2026-06-11 14:15:00+10:00,2026-07-01 13:25:00+10:00,2026-07-01 13:35:00+10:00,2026-07-06 12:05:00+10:00,1000,308,692,0.308,0.0005,trained,Logistic Regression,2.2467532467532467,200,0.61,0.5446396980776035,0.3709677419354839,0.305,0.315,99,40,38,23
CBA.AX,Logistic Regression,18,2026-06-16 12:55:00+10:00,2026-07-06 12:00:00+10:00,2026-07-06 12:10:00+10:00,2026-07-09 10:40:00+10:00,1000,297,703,0.297,0.0005,trained,Logistic Regression,2.367003367003367,200,0.62,0.4806985294117647,0.13636363636363635,0.32,0.12,118,18,58,6
CBA.AX,Logistic Regression,19,2026-06-19 11:35:00+10:00,2026-07-09 10:35:00+10:00,2026-07-09 10:45:00+10:00,2026-07-13 15:20:00+10:00,1000,303,697,0.303,0.0005,trained,Logistic Regression,2.3003300330033003,200,0.71,0.5452380952380953,0.21621621621621623,0.3,0.07,134,6,52,8
CBA.AX,Logistic Regression,20,2026-06-24 10:15:00+10:00,2026-07-13 15:15:00+10:00,2026-07-13 15:25:00+10:00,2026-07-16 14:00:00+10:00,1000,305,695,0.305,0.0005,trained,Logistic Regression,2.278688524590164,200,0.57,0.530952380952381,0.37681159420289856,0.3,0.39,88,52,34,26
CBA.AX,Logistic Regression,21,2026-06-26 14:55:00+10:00,2026-07-16 13:55:00+10:00,2026-07-16 14:05:00+10:00,2026-07-17 16:10:00+10:00,1000,298,702,0.298,0.0005,trained,Logistic Regression,2.3557046979865772,95,0.47368421052631576,0.4833822091886608,0.40476190476190477,0.3473684210526316,0.5368421052631579,28,34,16,17
CBA.AX,XGBoost,1,2026-04-24 11:40:00+10:00,2026-04-29 10:20:00+10:00,2026-04-29 10:30:00+10:00,2026-05-01 15:05:00+10:00,200,58,142,0.29,0.0005,trained,XGBoost,2.4482758620689653,200,0.465,0.4797619047619048,0.3668639053254438,0.3,0.545,62,78,29,31
CBA.AX,XGBoost,2,2026-04-24 11:40:00+10:00,2026-05-01 15:00:00+10:00,2026-05-01 15:10:00+10:00,2026-05-06 14:05:00+10:00,400,117,283,0.2925,0.0005,trained,XGBoost,2.4188034188034186,200,0.52,0.5285714285714286,0.4482758620689655,0.35,0.52,65,65,31,39
CBA.AX,XGBoost,3,2026-04-24 11:40:00+10:00,2026-05-06 14:00:00+10:00,2026-05-06 14:10:00+10:00,2026-05-11 12:55:00+10:00,600,188,412,0.31333333333333335,0.0005,trained,XGBoost,2.1914893617021276,200,0.64,0.5481150793650793,0.34545454545454546,0.28,0.27,109,35,37,19
CBA.AX,XGBoost,4,2026-04-24 11:40:00+10:00,2026-05-11 12:50:00+10:00,2026-05-11 13:00:00+10:00,2026-05-14 11:40:00+10:00,800,244,556,0.305,0.0005,trained,XGBoost,2.278688524590164,200,0.435,0.5594904160822814,0.49327354260089684,0.31,0.805,32,106,7,55
CBA.AX,XGBoost,5,2026-04-24 11:40:00+10:00,2026-05-14 11:35:00+10:00,2026-05-14 11:45:00+10:00,2026-05-19 10:20:00+10:00,1000,306,694,0.306,0.0005,trained,XGBoost,2.2679738562091503,200,0.47,0.4457987272138928,0.3291139240506329,0.365,0.425,68,59,47,26
CBA.AX,XGBoost,6,2026-04-29 10:25:00+10:00,2026-05-19 10:15:00+10:00,2026-05-19 10:25:00+10:00,2026-05-21 15:00:00+10:00,1000,321,679,0.321,0.0005,trained,XGBoost,2.115264797507788,200,0.475,0.5022977941176471,0.4134078212290503,0.32,0.575,58,78,27,37
CBA.AX,XGBoost,7,2026-05-01 15:05:00+10:00,2026-05-21 14:55:00+10:00,2026-05-21 15:05:00+10:00,2026-05-26 13:40:00+10:00,1000,326,674,0.326,0.0005,trained,XGBoost,2.067484662576687,200,0.535,0.4720663861617578,0.2900763358778626,0.31,0.345,88,50,43,19
CBA.AX,XGBoost,8,2026-05-06 14:05:00+10:00,2026-05-26 13:35:00+10:00,2026-05-26 13:45:00+10:00,2026-05-29 12:20:00+10:00,1000,317,683,0.317,0.0005,trained,XGBoost,2.1545741324921135,200,0.575,0.5221968543886352,0.34108527131782945,0.27,0.375,93,53,32,22
CBA.AX,XGBoost,9,2026-05-11 12:55:00+10:00,2026-05-29 12:15:00+10:00,2026-05-29 12:25:00+10:00,2026-06-03 11:00:00+10:00,1000,315,685,0.315,0.0005,trained,XGBoost,2.1746031746031744,200,0.48,0.4487222037836044,0.3157894736842105,0.345,0.415,72,59,45,24
CBA.AX,XGBoost,10,2026-05-14 11:40:00+10:00,2026-06-03 10:55:00+10:00,2026-06-03 11:05:00+10:00,2026-06-05 15:35:00+10:00,1000,321,679,0.321,0.0005,trained,XGBoost,2.115264797507788,200,0.6,0.4945305926193052,0.25925925925925924,0.295,0.245,106,35,45,14
CBA.AX,XGBoost,11,2026-05-19 10:20:00+10:00,2026-06-05 15:30:00+10:00,2026-06-05 15:40:00+10:00,2026-06-11 14:15:00+10:00,1000,308,692,0.308,0.0005,trained,XGBoost,2.2467532467532467,200,0.455,0.537886687521724,0.4682926829268293,0.315,0.71,43,94,15,48
CBA.AX,XGBoost,12,2026-05-21 15:00:00+10:00,2026-06-11 14:10:00+10:00,2026-06-11 14:20:00+10:00,2026-06-16 12:55:00+10:00,1000,307,693,0.307,0.0005,trained,XGBoost,2.257328990228013,200,0.465,0.4483506944444444,0.34355828220858897,0.36,0.455,65,63,44,28
CBA.AX,XGBoost,13,2026-05-26 13:40:00+10:00,2026-06-16 12:50:00+10:00,2026-06-16 13:00:00+10:00,2026-06-19 11:35:00+10:00,1000,317,683,0.317,0.0005,trained,XGBoost,2.1545741324921135,200,0.66,0.5469407380694795,0.32,0.295,0.205,116,25,43,16
CBA.AX,XGBoost,14,2026-05-29 12:20:00+10:00,2026-06-19 11:30:00+10:00,2026-06-19 11:40:00+10:00,2026-06-24 10:15:00+10:00,1000,322,678,0.322,0.0005,trained,XGBoost,2.1055900621118013,200,0.66,0.5157843613404565,0.22727272727272727,0.29,0.15,122,20,48,10
CBA.AX,XGBoost,15,2026-06-03 11:00:00+10:00,2026-06-24 10:10:00+10:00,2026-06-24 10:20:00+10:00,2026-06-26 14:55:00+10:00,1000,312,688,0.312,0.0005,trained,XGBoost,2.2051282051282053,200,0.605,0.5153743315508021,0.2882882882882883,0.34,0.215,105,27,52,16
CBA.AX,XGBoost,16,2026-06-05 15:35:00+10:00,2026-06-26 14:50:00+10:00,2026-06-26 15:00:00+10:00,2026-07-01 13:30:00+10:00,1000,319,681,0.319,0.0005,trained,XGBoost,2.134796238244514,200,0.62,0.5686070686070686,0.3870967741935484,0.26,0.36,100,48,28,24
CBA.AX,XGBoost,17,2026-06-11 14:15:00+10:00,2026-07-01 13:25:00+10:00,2026-07-01 13:35:00+10:00,2026-07-06 12:05:00+10:00,1000,308,692,0.308,0.0005,trained,XGBoost,2.2467532467532467,200,0.575,0.5194598419624956,0.3511450381679389,0.305,0.35,92,47,38,23
CBA.AX,XGBoost,18,2026-06-16 12:55:00+10:00,2026-07-06 12:00:00+10:00,2026-07-06 12:10:00+10:00,2026-07-09 10:40:00+10:00,1000,297,703,0.297,0.0005,trained,XGBoost,2.367003367003367,200,0.675,0.5335477941176471,0.21686746987951808,0.32,0.095,126,10,55,9
CBA.AX,XGBoost,19,2026-06-19 11:35:00+10:00,2026-07-09 10:35:00+10:00,2026-07-09 10:45:00+10:00,2026-07-13 15:20:00+10:00,1000,303,697,0.303,0.0005,trained,XGBoost,2.3003300330033003,200,0.625,0.5083333333333333,0.25742574257425743,0.3,0.205,112,28,47,13
CBA.AX,XGBoost,20,2026-06-24 10:15:00+10:00,2026-07-13 15:15:00+10:00,2026-07-13 15:25:00+10:00,2026-07-16 14:00:00+10:00,1000,305,695,0.305,0.0005,trained,XGBoost,2.278688524590164,200,0.605,0.513095238095238,0.3008849557522124,0.3,0.265,104,36,43,17
CBA.AX,XGBoost,21,2026-06-26 14:55:00+10:00,2026-07-16 13:55:00+10:00,2026-07-16 14:05:00+10:00,2026-07-17 16:10:00+10:00,1000,298,702,0.298,0.0005,trained,XGBoost,2.3557046979865772,95,0.5894736842105263,0.48704789833822093,0.20408163265306123,0.3473684210526316,0.16842105263157894,51,11,28,5
