strategy,family,config_id,params_json,AAPL_total_return,AAPL_sharpe,AAPL_max_drawdown,AAPL_win_rate,AAPL_profit_factor,AAPL_trades,AAPL_ml_prediction_coverage,AAPL_sharpe_delta,AAPL_pf_improved,AAPL_sharpe_improved,TSLA_total_return,TSLA_sharpe,TSLA_max_drawdown,TSLA_win_rate,TSLA_profit_factor,TSLA_trades,TSLA_ml_prediction_coverage,TSLA_sharpe_delta,TSLA_pf_improved,TSLA_sharpe_improved,NVDA_total_return,NVDA_sharpe,NVDA_max_drawdown,NVDA_win_rate,NVDA_profit_factor,NVDA_trades,NVDA_ml_prediction_coverage,NVDA_sharpe_delta,NVDA_pf_improved,NVDA_sharpe_improved,CBA_AX_total_return,CBA_AX_sharpe,CBA_AX_max_drawdown,CBA_AX_win_rate,CBA_AX_profit_factor,CBA_AX_trades,CBA_AX_ml_prediction_coverage,CBA_AX_sharpe_delta,CBA_AX_pf_improved,CBA_AX_sharpe_improved,mean_sharpe,median_sharpe,pooled_profit_factor,sharpe_improved_n,pf_improved_n,both_improved_n,zero_trade_n
Freqtrade Sample Strategy,adaptive_risk,risk_sl1.5_tp2,"{""buy_threshold"":0.35,""factor_weight"":0.35,""flow_weight"":0.25,""mean_reversion_weight"":0.35,""model"":null,""momentum_weight"":0.4,""news_weight"":0.15,""risk_weight"":0.15,""sell_threshold"":-0.35,""stop_loss_mult"":1.5,""take_profit_mult"":2.0,""technical_weight"":0.35,""volatility_weight"":0.35}",0.0029576134472508,1.42353778477407,-0.0051661161485037,0.5454545454545454,1.2584797529801066,22,1.0,-0.11710255679314674,False,False,-0.0094855750145174,-2.752938336586761,-0.0159281076669577,0.36,0.6844627189056367,25,1.0,-0.7452490540436112,False,False,-0.005207374899651,-1.5404445293634403,-0.0155490914942114,0.5416666666666666,0.7496184174855218,24,1.0,0.0,False,False,0.0080898440813108,4.88570970287511,-0.0048433153375823,0.5652173913043478,2.419039108587796,23,1.0,-0.1224851077996778,False,False,0.5039661554247448,-0.05845337229468517,0.9463919377656964,0,0,0,0
Freqtrade Sample Strategy,adaptive_risk,risk_sl1.5_tp3,"{""buy_threshold"":0.35,""factor_weight"":0.35,""flow_weight"":0.25,""mean_reversion_weight"":0.35,""model"":null,""momentum_weight"":0.4,""news_weight"":0.15,""risk_weight"":0.15,""sell_threshold"":-0.35,""stop_loss_mult"":1.5,""take_profit_mult"":3.0,""technical_weight"":0.35,""volatility_weight"":0.35}",0.0032132038586862,1.5406403415672167,-0.0051661161485039,0.5454545454545454,1.2807454571908077,22,1.0,0.0,False,False,-0.0073903087419275,-2.00768928254315,-0.0183153094455574,0.36,0.7548579906683928,25,1.0,0.0,False,False,-0.005207374899651,-1.5404445293634403,-0.0155490914942114,0.5416666666666666,0.7496184174855218,24,1.0,0.0,False,False,0.0083196688484377,5.008194810674788,-0.0048433153375823,0.5652173913043478,2.4593526584408334,23,1.0,0.0,False,False,0.7501753350838537,9.790610188820104e-05,0.9843619418178301,0,0,0,0
Freqtrade Sample Strategy,adaptive_risk,risk_sl1.5_tp4,"{""buy_threshold"":0.35,""factor_weight"":0.35,""flow_weight"":0.25,""mean_reversion_weight"":0.35,""model"":null,""momentum_weight"":0.4,""news_weight"":0.15,""risk_weight"":0.15,""sell_threshold"":-0.35,""stop_loss_mult"":1.5,""take_profit_mult"":4.0,""technical_weight"":0.35,""volatility_weight"":0.35}",0.0037379978276694,1.785370843512505,-0.0051661161485037,0.5454545454545454,1.326427227719697,22,1.0,0.24473050194528834,True,True,-0.0031606715597272,-0.8244256161167102,-0.0183153094455574,0.36,0.8955186961968585,25,1.0,1.1832636664264395,True,True,-0.005207374899651,-1.5404445293634403,-0.0155490914942114,0.5416666666666666,0.7496184174855218,24,1.0,0.0,False,False,0.0083196688484377,5.008194810674788,-0.0048433153375823,0.5652173913043478,2.4593526584408334,23,1.0,0.0,False,False,1.1071738771767856,0.48047261369789745,1.0540992071760682,2,2,2,0
Freqtrade Sample Strategy,adaptive_risk,risk_sl1_tp2,"{""buy_threshold"":0.35,""factor_weight"":0.35,""flow_weight"":0.25,""mean_reversion_weight"":0.35,""model"":null,""momentum_weight"":0.4,""news_weight"":0.15,""risk_weight"":0.15,""sell_threshold"":-0.35,""stop_loss_mult"":1.0,""take_profit_mult"":2.0,""technical_weight"":0.35,""volatility_weight"":0.35}",0.0034772869041839,1.696783563116433,-0.0052444400435928,0.5454545454545454,1.3183838010208742,22,1.0,0.15614322154921623,True,True,-0.010787393374559,-3.1377004201173357,-0.016859136871928,0.36,0.655913604586768,25,1.0,-1.130011137574186,False,False,-0.0057900540232759,-1.7166238153274838,-0.0155490914942114,0.5416666666666666,0.7291473113507605,24,1.0,-0.17617928596404342,False,False,0.0082376355123532,4.968026615613818,-0.0046974199777578,0.5652173913043478,2.4829589827891043,23,1.0,-0.04016819506097047,True,False,0.45262148582135775,-0.009920126105525395,0.9297368753145042,1,2,1,0
Freqtrade Sample Strategy,adaptive_risk,risk_sl1_tp3,"{""buy_threshold"":0.35,""factor_weight"":0.35,""flow_weight"":0.25,""mean_reversion_weight"":0.35,""model"":null,""momentum_weight"":0.4,""news_weight"":0.15,""risk_weight"":0.15,""sell_threshold"":-0.35,""stop_loss_mult"":1.0,""take_profit_mult"":3.0,""technical_weight"":0.35,""volatility_weight"":0.35}",0.0037330097474901,1.8147815105637084,-0.0052444400435929,0.5454545454545454,1.3417109549879118,22,1.0,0.27414116899649166,True,True,-0.0086948808792332,-2.368877693341375,-0.0184934786440088,0.36,0.7234439186264685,25,1.0,-0.36118841079822506,False,False,-0.0057900540232759,-1.7166238153274838,-0.0155490914942114,0.5416666666666666,0.7291473113507605,24,1.0,-0.17617928596404342,False,False,0.0084674939730358,5.09012359980001,-0.0046974199777578,0.5652173913043478,2.524338656425806,23,1.0,0.08192878912522161,True,True,0.7048509004237149,0.04907884761811232,0.9670338699281272,2,2,2,0
Freqtrade Sample Strategy,adaptive_risk,risk_sl1_tp4,"{""buy_threshold"":0.35,""factor_weight"":0.35,""flow_weight"":0.25,""mean_reversion_weight"":0.35,""model"":null,""momentum_weight"":0.4,""news_weight"":0.15,""risk_weight"":0.15,""sell_threshold"":-0.35,""stop_loss_mult"":1.0,""take_profit_mult"":4.0,""technical_weight"":0.35,""volatility_weight"":0.35}",0.0042580756337429,2.062544547157172,-0.005244440043593,0.5454545454545454,1.3895704650456315,22,1.0,0.5219042055899552,True,True,-0.0044708026462022,-1.1768617840955886,-0.0184934786440089,0.36,0.8582806750728207,25,1.0,0.8308274984475612,True,True,-0.0057900540232759,-1.7166238153274838,-0.0155490914942114,0.5416666666666666,0.7291473113507605,24,1.0,-0.17617928596404342,False,False,0.0084674939730358,5.09012359980001,-0.0046974199777578,0.5652173913043478,2.524338656425806,23,1.0,0.08192878912522161,True,True,1.0647956368835274,0.44284138153079167,1.0355099604537352,3,3,3,0
Freqtrade Sample Strategy,adaptive_risk,risk_sl2_tp2,"{""buy_threshold"":0.35,""factor_weight"":0.35,""flow_weight"":0.25,""mean_reversion_weight"":0.35,""model"":null,""momentum_weight"":0.4,""news_weight"":0.15,""risk_weight"":0.15,""sell_threshold"":-0.35,""stop_loss_mult"":2.0,""take_profit_mult"":2.0,""technical_weight"":0.35,""volatility_weight"":0.35}",0.0029576134472508,1.42353778477407,-0.0051661161485037,0.5454545454545454,1.2584797529801066,22,1.0,-0.11710255679314674,False,False,-0.0094855750145174,-2.752938336586761,-0.0159281076669577,0.36,0.6844627189056367,25,1.0,-0.7452490540436112,False,False,-0.0029623555353508,-0.8528760545124171,-0.014827093571621,0.5416666666666666,0.8405567815643548,24,1.0,0.6875684748510232,True,True,0.0068029405651086,4.038269878162731,-0.0061137086901024,0.5652173913043478,1.9756370638615173,23,1.0,-0.9699249325120576,False,False,0.4639983179594056,0.28533086513082645,0.9599235174634675,1,1,1,0
Freqtrade Sample Strategy,adaptive_risk,risk_sl2_tp3,"{""buy_threshold"":0.35,""factor_weight"":0.35,""flow_weight"":0.25,""mean_reversion_weight"":0.35,""model"":null,""momentum_weight"":0.4,""news_weight"":0.15,""risk_weight"":0.15,""sell_threshold"":-0.35,""stop_loss_mult"":2.0,""take_profit_mult"":3.0,""technical_weight"":0.35,""volatility_weight"":0.35}",0.0032132038586862,1.5406403415672167,-0.0051661161485039,0.5454545454545454,1.2807454571908077,22,1.0,0.0,False,False,-0.0073903087419275,-2.00768928254315,-0.0183153094455574,0.36,0.7548579906683928,25,1.0,0.0,False,False,-0.0029623555353508,-0.8528760545124171,-0.014827093571621,0.5416666666666666,0.8405567815643548,24,1.0,0.6875684748510232,True,True,0.0070324719434047,4.161311385165298,-0.0061137086901024,0.5652173913043478,2.0085550818629185,23,1.0,-0.8468834255094899,False,False,0.710346597419237,0.3438821435273998,0.9984065936897373,1,1,1,0
Freqtrade Sample Strategy,adaptive_risk,risk_sl2_tp4,"{""buy_threshold"":0.35,""factor_weight"":0.35,""flow_weight"":0.25,""mean_reversion_weight"":0.35,""model"":null,""momentum_weight"":0.4,""news_weight"":0.15,""risk_weight"":0.15,""sell_threshold"":-0.35,""stop_loss_mult"":2.0,""take_profit_mult"":4.0,""technical_weight"":0.35,""volatility_weight"":0.35}",0.0037379978276694,1.785370843512505,-0.0051661161485037,0.5454545454545454,1.326427227719697,22,1.0,0.24473050194528834,True,True,-0.0031606715597272,-0.8244256161167102,-0.0183153094455574,0.36,0.8955186961968585,25,1.0,1.1832636664264395,True,True,-0.0029623555353508,-0.8528760545124171,-0.014827093571621,0.5416666666666666,0.8405567815643548,24,1.0,0.6875684748510232,True,True,0.0070324719434047,4.161311385165298,-0.0061137086901024,0.5652173913043478,2.0085550818629185,23,1.0,-0.8468834255094899,False,False,1.067345139512169,0.48047261369789745,1.069102317824587,3,3,3,0
ML Classifier,adaptive_risk,risk_sl1.5_tp2,"{""buy_threshold"":0.55,""factor_weight"":0.35,""flow_weight"":0.25,""mean_reversion_weight"":0.35,""model"":""Random Forest"",""momentum_weight"":0.4,""news_weight"":0.15,""risk_weight"":0.15,""sell_threshold"":0.45,""stop_loss_mult"":1.5,""take_profit_mult"":2.0,""technical_weight"":0.35,""volatility_weight"":0.35}",0.0062681916741813,1.9117753314339991,-0.0106069367073347,0.4426229508196721,1.267846358666533,61,1.0,0.2874924744132008,True,True,-0.0183878630425419,-4.060912518887967,-0.0259184370819887,0.4022988505747126,0.671799744033566,87,1.0,-0.10619874793854267,False,False,0.0011246975742751,0.3156084445404385,-0.0154763110481344,0.5689655172413793,1.0379071941866267,58,1.0,0.0,False,False,-0.0007856738241104,-0.5247806999646365,-0.0072589879768074,0.5862068965517241,0.9087367581323308,29,1.0,0.0,False,False,-0.5895773607195416,-0.10458612771209899,0.8999156444709376,1,1,1,0
ML Classifier,adaptive_risk,risk_sl1.5_tp3,"{""buy_threshold"":0.55,""factor_weight"":0.35,""flow_weight"":0.25,""mean_reversion_weight"":0.35,""model"":""Random Forest"",""momentum_weight"":0.4,""news_weight"":0.15,""risk_weight"":0.15,""sell_threshold"":0.45,""stop_loss_mult"":1.5,""take_profit_mult"":3.0,""technical_weight"":0.35,""volatility_weight"":0.35}",0.0053013300089466,1.6242828570207983,-0.0106069367073347,0.4333333333333333,1.2266058346685114,60,1.0,0.0,False,False,-0.0179190865499854,-3.9547137709494247,-0.0254532568734964,0.3908045977011494,0.6807878956203918,87,1.0,0.0,False,False,0.0011246975742751,0.3156084445404385,-0.0154763110481344,0.5689655172413793,1.0379071941866267,58,1.0,0.0,False,False,-0.0007856738241104,-0.5247806999646365,-0.0072589879768074,0.5862068965517241,0.9087367581323308,29,1.0,0.0,False,False,-0.6349007923382062,-0.10458612771209899,0.8957737959267756,0,0,0,0
ML Classifier,adaptive_risk,risk_sl1.5_tp4,"{""buy_threshold"":0.55,""factor_weight"":0.35,""flow_weight"":0.25,""mean_reversion_weight"":0.35,""model"":""Random Forest"",""momentum_weight"":0.4,""news_weight"":0.15,""risk_weight"":0.15,""sell_threshold"":0.45,""stop_loss_mult"":1.5,""take_profit_mult"":4.0,""technical_weight"":0.35,""volatility_weight"":0.35}",0.0062190789793099,1.8955231226095808,-0.0106069367073347,0.4333333333333333,1.265752159030339,60,1.0,0.27124026558878245,True,True,-0.0175784313428665,-3.876323738708305,-0.0251152150501801,0.3953488372093023,0.6863958793295865,86,1.0,0.07839003224111973,True,True,0.0011246975742751,0.3156084445404385,-0.0154763110481344,0.5689655172413793,1.0379071941866267,58,1.0,0.0,False,False,-0.0007856738241104,-0.5247806999646365,-0.0072589879768074,0.5862068965517241,0.9087367581323308,29,1.0,0.0,False,False,-0.5474932178807306,-0.10458612771209899,0.9063958836435999,2,2,2,0
ML Classifier,adaptive_risk,risk_sl1_tp2,"{""buy_threshold"":0.55,""factor_weight"":0.35,""flow_weight"":0.25,""mean_reversion_weight"":0.35,""model"":""Random Forest"",""momentum_weight"":0.4,""news_weight"":0.15,""risk_weight"":0.15,""sell_threshold"":0.45,""stop_loss_mult"":1.0,""take_profit_mult"":2.0,""technical_weight"":0.35,""volatility_weight"":0.35}",0.0063271825555957,1.9241060969521568,-0.0106886537938719,0.4677419354838709,1.218053062604413,62,1.0,0.2998232399313585,False,True,-0.0170752746546233,-3.7588125671521535,-0.024615918398454,0.4022988505747126,0.6864433916687629,87,1.0,0.19590120379727116,True,True,0.0011209061218113,0.3160196770060796,-0.0143707217908073,0.5517241379310345,1.0385808741972469,58,1.0,0.00041123246564106486,True,True,-0.0007856738241104,-0.5247806999646365,-0.0072589879768074,0.5862068965517241,0.9087367581323308,29,1.0,0.0,False,False,-0.5108668732896384,-0.10438051147927846,0.9140397477739619,3,2,2,0
ML Classifier,adaptive_risk,risk_sl1_tp3,"{""buy_threshold"":0.55,""factor_weight"":0.35,""flow_weight"":0.25,""mean_reversion_weight"":0.35,""model"":""Random Forest"",""momentum_weight"":0.4,""news_weight"":0.15,""risk_weight"":0.15,""sell_threshold"":0.45,""stop_loss_mult"":1.0,""take_profit_mult"":3.0,""technical_weight"":0.35,""volatility_weight"":0.35}",0.005589435420362,1.7024291637870623,-0.0106886537938719,0.4590163934426229,1.1969784738351432,61,1.0,0.078146306766264,False,True,-0.0166058713252974,-3.652914294077109,-0.0241501161620576,0.3908045977011494,0.6956717436736872,87,1.0,0.3017994768723158,True,True,0.0011209061218113,0.3160196770060796,-0.0143707217908073,0.5517241379310345,1.0385808741972469,58,1.0,0.00041123246564106486,True,True,-0.0007856738241104,-0.5247806999646365,-0.0072589879768074,0.5862068965517241,0.9087367581323308,29,1.0,0.0,False,False,-0.5398115383121509,-0.10438051147927846,0.9114356079593741,3,2,2,0
ML Classifier,adaptive_risk,risk_sl1_tp4,"{""buy_threshold"":0.55,""factor_weight"":0.35,""flow_weight"":0.25,""mean_reversion_weight"":0.35,""model"":""Random Forest"",""momentum_weight"":0.4,""news_weight"":0.15,""risk_weight"":0.15,""sell_threshold"":0.45,""stop_loss_mult"":1.0,""take_profit_mult"":4.0,""technical_weight"":0.35,""volatility_weight"":0.35}",0.0065074474048438,1.9720412014521915,-0.0106886537938719,0.4590163934426229,1.2292713186286426,61,1.0,0.3477583444313932,True,True,-0.0162647606021439,-3.574845179671845,-0.0238116223172613,0.3953488372093023,0.7014705982878509,86,1.0,0.3798685912775799,True,True,0.0011209061218113,0.3160196770060796,-0.0143707217908073,0.5517241379310345,1.0385808741972469,58,1.0,0.00041123246564106486,True,True,-0.0007856738241104,-0.5247806999646365,-0.0072589879768074,0.5862068965517241,0.9087367581323308,29,1.0,0.0,False,False,-0.4528912502945525,-0.10438051147927846,0.9218268849963789,3,3,3,0
ML Classifier,adaptive_risk,risk_sl2_tp2,"{""buy_threshold"":0.55,""factor_weight"":0.35,""flow_weight"":0.25,""mean_reversion_weight"":0.35,""model"":""Random Forest"",""momentum_weight"":0.4,""news_weight"":0.15,""risk_weight"":0.15,""sell_threshold"":0.45,""stop_loss_mult"":2.0,""take_profit_mult"":2.0,""technical_weight"":0.35,""volatility_weight"":0.35}",0.0063485945763954,1.9369793930252448,-0.0105278821626543,0.45,1.2721919242593462,60,1.0,0.31269653600444647,True,True,-0.0181698070074736,-4.018475220087277,-0.0257020538941229,0.4117647058823529,0.6758884159367039,85,1.0,-0.0637614491378522,False,False,0.0009734716231166,0.2763614037290943,-0.0153831178179244,0.5614035087719298,1.0318651234424288,57,1.0,-0.039247040811344225,False,False,-0.0007856738241104,-0.5247806999646365,-0.0072589879768074,0.5862068965517241,0.9087367581323308,29,1.0,0.0,False,False,-0.5824787808243936,-0.1242096481177711,0.9018632816277923,1,1,1,0
ML Classifier,adaptive_risk,risk_sl2_tp3,"{""buy_threshold"":0.55,""factor_weight"":0.35,""flow_weight"":0.25,""mean_reversion_weight"":0.35,""model"":""Random Forest"",""momentum_weight"":0.4,""news_weight"":0.15,""risk_weight"":0.15,""sell_threshold"":0.45,""stop_loss_mult"":2.0,""take_profit_mult"":3.0,""technical_weight"":0.35,""volatility_weight"":0.35}",0.0053816556569212,1.649391513961558,-0.0105278821626543,0.4406779661016949,1.2308111624205529,59,1.0,0.0251086569407597,True,True,-0.0177009263805665,-3.912117401581781,-0.0252367703501608,0.4,0.6848631747570658,85,1.0,0.04259636936764366,True,True,0.0009734716231166,0.2763614037290943,-0.0153831178179244,0.5614035087719298,1.0318651234424288,57,1.0,-0.039247040811344225,False,False,-0.0007856738241104,-0.5247806999646365,-0.0072589879768074,0.5862068965517241,0.9087367581323308,29,1.0,0.0,False,False,-0.6277862959639413,-0.1242096481177711,0.8977488842363655,2,2,2,0
ML Classifier,adaptive_risk,risk_sl2_tp4,"{""buy_threshold"":0.55,""factor_weight"":0.35,""flow_weight"":0.25,""mean_reversion_weight"":0.35,""model"":""Random Forest"",""momentum_weight"":0.4,""news_weight"":0.15,""risk_weight"":0.15,""sell_threshold"":0.45,""stop_loss_mult"":2.0,""take_profit_mult"":4.0,""technical_weight"":0.35,""volatility_weight"":0.35}",0.006299477957318,1.920697657855193,-0.0105278821626543,0.4406779661016949,1.270090605577931,59,1.0,0.29641480083439475,True,True,-0.0173601955000515,-3.8336218573026217,-0.0248986534339874,0.4047619047619047,0.6904751957455819,84,1.0,0.12109191364680294,True,True,0.0009734716231166,0.2763614037290943,-0.0153831178179244,0.5614035087719298,1.0318651234424288,57,1.0,-0.039247040811344225,False,False,-0.0007856738241104,-0.5247806999646365,-0.0072589879768074,0.5862068965517241,0.9087367581323308,29,1.0,0.0,False,False,-0.5403358739207427,-0.1242096481177711,0.9082986479624706,2,2,2,0
ML Classifier,ml_threshold,ml_logistic_regression_b0.52_s0.40,"{""buy_threshold"":0.52,""model"":""Logistic Regression"",""sell_threshold"":0.4,""stop_loss_mult"":1.5,""take_profit_mult"":3.0}",0.0142653443116729,3.1364334749266884,-0.0177040319799444,0.5714285714285714,1.4174736343637144,56,1.0,1.3377679987912718,True,True,-0.0140168622811371,-2.3469976391633987,-0.0223205661267107,0.4545454545454545,0.800545367114817,55,1.0,0.6686302415369871,True,True,-0.01654989443762,-2.9548122909361587,-0.026463466152221,0.46,0.69203675448841,50,1.0,-1.4780275209528635,False,False,-0.0003310858939989,-0.164633440644777,-0.0085103768218768,0.4705882352941176,0.9790110513077896,34,1.0,-1.573023374067363,False,False,-0.5825024739544115,-1.2558155399040878,0.9043893467230757,2,2,2,0
ML Classifier,ml_threshold,ml_logistic_regression_b0.55_s0.45,"{""buy_threshold"":0.55,""model"":""Logistic Regression"",""sell_threshold"":0.45,""stop_loss_mult"":1.5,""take_profit_mult"":3.0}",0.0069090006593008,1.7986654761354166,-0.0115620581507782,0.6078431372549019,1.2607212642068637,51,1.0,0.0,False,False,-0.0158960489187521,-3.015627880700386,-0.0224179794742999,0.4339622641509434,0.7486301585339133,53,1.0,0.0,False,False,-0.0058886776953546,-1.4767847699832952,-0.0153048435400947,0.5111111111111111,0.8207470013910384,45,1.0,0.0,False,False,0.0021408311455786,1.408389933422586,-0.004886908423014,0.5833333333333334,1.2227105749503422,24,1.0,0.0,False,False,-0.3213393102814196,-0.03419741828035461,0.9036702700071929,0,0,0,0
ML Classifier,ml_threshold,ml_logistic_regression_b0.60_s0.48,"{""buy_threshold"":0.6,""model"":""Logistic Regression"",""sell_threshold"":0.48,""stop_loss_mult"":1.5,""take_profit_mult"":3.0}",0.0049566829320553,1.4756434755845245,-0.0114480746966898,0.5526315789473685,1.2208135215370577,38,1.0,-0.32302200055089214,False,False,-0.0110809599477179,-2.4733949726144613,-0.0192015724354214,0.3513513513513513,0.7740260257517542,37,1.0,0.5422329080859245,True,True,0.0061916472532506,2.074038300703386,-0.0116442719108759,0.68,1.4039271372655668,25,1.0,3.5508230706866812,True,True,-0.0001440239194674,-0.1233843371818137,-0.0030349269872447,0.5833333333333334,0.966301194585082,12,1.0,-1.5317742706043997,False,False,0.23822561662290886,0.6761295692013554,0.9991584498968559,2,2,2,0
ML Classifier,ml_threshold,ml_random_forest_b0.52_s0.40,"{""buy_threshold"":0.52,""model"":""Random Forest"",""sell_threshold"":0.4,""stop_loss_mult"":1.5,""take_profit_mult"":3.0}",0.0025993109429429,0.7281418808820822,-0.0180781854592193,0.4833333333333333,1.090426704220372,60,1.0,-0.8961409761387161,False,False,-0.0091096888185611,-1.70268112312437,-0.0243926161392444,0.5056179775280899,0.8716006278169455,89,1.0,2.2520326478250547,True,True,-0.0076751680520578,-1.731793299135073,-0.0162063721814491,0.5254237288135594,0.7989484414144409,59,1.0,-2.0474017436755116,False,False,-6.517874776124088e-05,-0.0281115723304512,-0.0071388244705242,0.4722222222222222,0.9943425779846022,36,1.0,0.4966691276341853,True,True,-0.683611028426953,-0.8653963477274106,0.9046066496242395,2,2,2,0
ML Classifier,ml_threshold,ml_random_forest_b0.55_s0.45,"{""buy_threshold"":0.55,""model"":""Random Forest"",""sell_threshold"":0.45,""stop_loss_mult"":1.5,""take_profit_mult"":3.0}",0.0053013300089466,1.6242828570207983,-0.0106069367073347,0.4333333333333333,1.2266058346685114,60,1.0,0.0,False,False,-0.0179190865499854,-3.9547137709494247,-0.0254532568734964,0.3908045977011494,0.6807878956203918,87,1.0,0.0,False,False,0.0011246975742751,0.3156084445404385,-0.0154763110481344,0.5689655172413793,1.0379071941866267,58,1.0,0.0,False,False,-0.0007856738241104,-0.5247806999646365,-0.0072589879768074,0.5862068965517241,0.9087367581323308,29,1.0,0.0,False,False,-0.6349007923382062,-0.10458612771209899,0.8957737959267756,0,0,0,0
ML Classifier,ml_threshold,ml_random_forest_b0.60_s0.48,"{""buy_threshold"":0.6,""model"":""Random Forest"",""sell_threshold"":0.48,""stop_loss_mult"":1.5,""take_profit_mult"":3.0}",0.0026851432486811,1.069314610900639,-0.0084918419619756,0.5294117647058824,1.208180482631141,34,1.0,-0.5549682461201593,False,False,-0.0065322157982882,-1.9146525118444264,-0.0120809944328869,0.4102564102564102,0.7480925264004282,39,1.0,2.0400612591049985,True,True,0.0004934318758604,0.1702832336017392,-0.012079326746715,0.5833333333333334,1.024252993962831,36,1.0,-0.14532521093869932,False,False,-0.0009607901989719,-1.1189916049966269,-0.003365713180286,0.4615384615384615,0.7174454962750683,13,1.0,-0.5942109050319904,False,False,-0.44851156808466874,-0.4743541856974438,0.931051544805396,1,1,1,0
ML Classifier,ml_threshold,ml_xgboost_b0.52_s0.40,"{""buy_threshold"":0.52,""model"":""XGBoost"",""sell_threshold"":0.4,""stop_loss_mult"":1.5,""take_profit_mult"":3.0}",0.015754415770542,4.104758743211835,-0.01345192618525,0.5057471264367817,1.5076018796170798,87,1.0,1.6552824380508837,True,True,-0.0163933238143135,-2.9212290652330823,-0.0331408507903686,0.3846153846153846,0.8056240331763179,117,1.0,-1.1538254670950192,False,False,-0.0086156217857499,-1.866540219974162,-0.0179730124479093,0.5408163265306123,0.8305729901257103,98,1.0,1.7642279684950237,True,True,-0.0008178460084458,-0.400982315292297,-0.0099195673396487,0.5138888888888888,0.9568433634314232,72,1.0,-0.8613011204094521,False,False,-0.2709982143219267,-1.1337612676332296,0.9456068675584366,2,2,2,0
ML Classifier,ml_threshold,ml_xgboost_b0.55_s0.45,"{""buy_threshold"":0.55,""model"":""XGBoost"",""sell_threshold"":0.45,""stop_loss_mult"":1.5,""take_profit_mult"":3.0}",0.0087488733999028,2.449476305160951,-0.0133605821304519,0.5393258426966292,1.2587253723045873,89,1.0,0.0,False,False,-0.0088261355167434,-1.7674035981380631,-0.024644727730353,0.376,0.8683394594544097,125,1.0,0.0,False,False,-0.0152780703604766,-3.630768188469186,-0.0224566895773837,0.4565217391304347,0.6647265413912251,92,1.0,0.0,False,False,0.0006605882675436,0.4603188051171551,-0.0043506040015018,0.4931506849315068,1.0516225519869058,73,1.0,0.0,False,False,-0.6220941690822857,-0.653542396510454,0.907706671167554,0,0,0,0
ML Classifier,ml_threshold,ml_xgboost_b0.60_s0.48,"{""buy_threshold"":0.6,""model"":""XGBoost"",""sell_threshold"":0.48,""stop_loss_mult"":1.5,""take_profit_mult"":3.0}",0.0092266696184513,2.8391084929612664,-0.0069219057757112,0.5263157894736842,1.3676984716808538,76,1.0,0.3896321878003155,True,True,0.0158656452107708,3.8327989823489728,-0.010654452132035,0.5352112676056338,1.5130632239293555,71,1.0,5.600202580487036,True,True,-0.0085593089227199,-2.274800291274856,-0.0161762202224985,0.4285714285714285,0.7489344308378724,63,1.0,1.3559678971943296,True,True,0.0013223419174028,1.116562643681897,-0.0032964707858145,0.4318181818181818,1.1787651180813474,44,1.0,0.6562438385647418,True,True,1.37841745692932,1.9778355683215816,1.1831215878241084,4,4,4,0
Mini TradingAgents,adaptive_risk,risk_sl1.5_tp2,"{""buy_threshold"":0.35,""factor_weight"":0.35,""flow_weight"":0.25,""mean_reversion_weight"":0.35,""model"":null,""momentum_weight"":0.4,""news_weight"":0.15,""risk_weight"":0.15,""sell_threshold"":-0.35,""stop_loss_mult"":1.5,""take_profit_mult"":2.0,""technical_weight"":0.35,""volatility_weight"":0.35}",0.0081871669578612,4.596914080454456,-0.0045696509051861,0.4827586206896552,2.0147927442754394,29,1.0,-0.1713776611873703,True,False,-0.0037355491139572,-1.8863966315078096,-0.0090338601221487,0.3043478260869565,0.7622404527556664,23,1.0,-0.9792718131639198,False,False,-0.0098071008670785,-3.534095730237958,-0.0138613630351016,0.3823529411764705,0.5585904635029325,34,1.0,-0.005876924311545739,False,False,0.0056705446910356,4.281352370070094,-0.0037926951951939,0.40625,1.8944069433458597,32,1.0,-0.19862297150735575,False,False,0.8644435221946957,1.197477869281142,1.0060198676044658,0,1,0,0
Mini TradingAgents,adaptive_risk,risk_sl1.5_tp3,"{""buy_threshold"":0.35,""factor_weight"":0.35,""flow_weight"":0.25,""mean_reversion_weight"":0.35,""model"":null,""momentum_weight"":0.4,""news_weight"":0.15,""risk_weight"":0.15,""sell_threshold"":-0.35,""stop_loss_mult"":1.5,""take_profit_mult"":3.0,""technical_weight"":0.35,""volatility_weight"":0.35}",0.0085453933428989,4.768291741641827,-0.0045696509051862,0.4285714285714285,2.0002297198859686,28,1.0,0.0,False,False,-0.001909050246768,-0.9071248183438898,-0.0090338601221486,0.3181818181818182,0.8630530821811341,22,1.0,0.0,False,False,-0.0097928656301077,-3.528218805926412,-0.0138613630351016,0.3823529411764705,0.5592320502140004,34,1.0,0.0,False,False,0.005989593929359,4.4799753415774495,-0.0037926951951939,0.3870967741935484,1.944514835085425,31,1.0,0.0,False,False,1.2032308647372436,1.7864252616167797,1.0555039584045944,0,0,0,0
Mini TradingAgents,adaptive_risk,risk_sl1.5_tp4,"{""buy_threshold"":0.35,""factor_weight"":0.35,""flow_weight"":0.25,""mean_reversion_weight"":0.35,""model"":null,""momentum_weight"":0.4,""news_weight"":0.15,""risk_weight"":0.15,""sell_threshold"":-0.35,""stop_loss_mult"":1.5,""take_profit_mult"":4.0,""technical_weight"":0.35,""volatility_weight"":0.35}",0.0085453933428989,4.768291741641827,-0.0045696509051862,0.4285714285714285,2.0002297198859686,28,1.0,0.0,False,False,-3.691767528679613e-06,0.0111823881564508,-0.0090338601221486,0.3181818181818182,0.9997356396482452,22,1.0,0.9183072065003406,True,True,-0.0097928656301077,-3.528218805926412,-0.0138613630351016,0.3823529411764705,0.5592320502140004,34,1.0,0.0,False,False,0.005989593929359,4.4799753415774495,-0.0037926951951939,0.3870967741935484,1.944514835085425,31,1.0,0.0,False,False,1.4328076663623288,2.24557886486695,1.0927875414863404,1,1,1,0
Mini TradingAgents,adaptive_risk,risk_sl1_tp2,"{""buy_threshold"":0.35,""factor_weight"":0.35,""flow_weight"":0.25,""mean_reversion_weight"":0.35,""model"":null,""momentum_weight"":0.4,""news_weight"":0.15,""risk_weight"":0.15,""sell_threshold"":-0.35,""stop_loss_mult"":1.0,""take_profit_mult"":2.0,""technical_weight"":0.35,""volatility_weight"":0.35}",0.0081141592796325,4.547949546962936,-0.0045696509051861,0.4666666666666667,1.9302678311993244,30,1.0,-0.22034219467889038,False,False,-0.0037355491139572,-1.8863966315078096,-0.0090338601221487,0.3043478260869565,0.7622404527556664,23,1.0,-0.9792718131639198,False,False,-0.0098937370138232,-3.5561954515144403,-0.0138613630351016,0.3714285714285714,0.5564207444094367,35,1.0,-0.02797664558802815,False,False,0.0056705446910356,4.281352370070094,-0.0037926951951939,0.40625,1.8944069433458597,32,1.0,-0.19862297150735575,False,False,0.846677458502695,1.197477869281142,1.0029280928531747,0,0,0,0
Mini TradingAgents,adaptive_risk,risk_sl1_tp3,"{""buy_threshold"":0.35,""factor_weight"":0.35,""flow_weight"":0.25,""mean_reversion_weight"":0.35,""model"":null,""momentum_weight"":0.4,""news_weight"":0.15,""risk_weight"":0.15,""sell_threshold"":-0.35,""stop_loss_mult"":1.0,""take_profit_mult"":3.0,""technical_weight"":0.35,""volatility_weight"":0.35}",0.0085453933428989,4.768291741641827,-0.0045696509051862,0.4285714285714285,2.0002297198859686,28,1.0,0.0,False,False,-0.001909050246768,-0.9071248183438898,-0.0090338601221486,0.3181818181818182,0.8630530821811341,22,1.0,0.0,False,False,-0.0098795030223532,-3.5503313816763407,-0.0138613630351016,0.3714285714285714,0.5570598121872461,35,1.0,-0.02211257574992853,False,False,0.005989593929359,4.4799753415774495,-0.0037926951951939,0.3870967741935484,1.944514835085425,31,1.0,0.0,False,False,1.1977027207997613,1.7864252616167797,1.0537154328474463,0,0,0,0
Mini TradingAgents,adaptive_risk,risk_sl1_tp4,"{""buy_threshold"":0.35,""factor_weight"":0.35,""flow_weight"":0.25,""mean_reversion_weight"":0.35,""model"":null,""momentum_weight"":0.4,""news_weight"":0.15,""risk_weight"":0.15,""sell_threshold"":-0.35,""stop_loss_mult"":1.0,""take_profit_mult"":4.0,""technical_weight"":0.35,""volatility_weight"":0.35}",0.0085453933428989,4.768291741641827,-0.0045696509051862,0.4285714285714285,2.0002297198859686,28,1.0,0.0,False,False,-3.691767528679613e-06,0.0111823881564508,-0.0090338601221486,0.3181818181818182,0.9997356396482452,22,1.0,0.9183072065003406,True,True,-0.0098795030223532,-3.5503313816763407,-0.0138613630351016,0.3714285714285714,0.5570598121872461,35,1.0,-0.02211257574992853,False,False,0.005989593929359,4.4799753415774495,-0.0037926951951939,0.3870967741935484,1.944514835085425,31,1.0,0.0,False,False,1.4272795224248465,2.24557886486695,1.0909367386810178,1,1,1,0
Mini TradingAgents,adaptive_risk,risk_sl2_tp2,"{""buy_threshold"":0.35,""factor_weight"":0.35,""flow_weight"":0.25,""mean_reversion_weight"":0.35,""model"":null,""momentum_weight"":0.4,""news_weight"":0.15,""risk_weight"":0.15,""sell_threshold"":-0.35,""stop_loss_mult"":2.0,""take_profit_mult"":2.0,""technical_weight"":0.35,""volatility_weight"":0.35}",0.0081871669578612,4.596914080454456,-0.0045696509051861,0.4827586206896552,2.0147927442754394,29,1.0,-0.1713776611873703,True,False,-0.0037355491139572,-1.8863966315078096,-0.0090338601221487,0.3043478260869565,0.7622404527556664,23,1.0,-0.9792718131639198,False,False,-0.0098071008670785,-3.534095730237958,-0.0138613630351016,0.3823529411764705,0.5585904635029325,34,1.0,-0.005876924311545739,False,False,0.0056705446910356,4.281352370070094,-0.0037926951951939,0.40625,1.8944069433458597,32,1.0,-0.19862297150735575,False,False,0.8644435221946957,1.197477869281142,1.0060198676044658,0,1,0,0
Mini TradingAgents,adaptive_risk,risk_sl2_tp3,"{""buy_threshold"":0.35,""factor_weight"":0.35,""flow_weight"":0.25,""mean_reversion_weight"":0.35,""model"":null,""momentum_weight"":0.4,""news_weight"":0.15,""risk_weight"":0.15,""sell_threshold"":-0.35,""stop_loss_mult"":2.0,""take_profit_mult"":3.0,""technical_weight"":0.35,""volatility_weight"":0.35}",0.0085453933428989,4.768291741641827,-0.0045696509051862,0.4285714285714285,2.0002297198859686,28,1.0,0.0,False,False,-0.001909050246768,-0.9071248183438898,-0.0090338601221486,0.3181818181818182,0.8630530821811341,22,1.0,0.0,False,False,-0.0097928656301077,-3.528218805926412,-0.0138613630351016,0.3823529411764705,0.5592320502140004,34,1.0,0.0,False,False,0.005989593929359,4.4799753415774495,-0.0037926951951939,0.3870967741935484,1.944514835085425,31,1.0,0.0,False,False,1.2032308647372436,1.7864252616167797,1.0555039584045944,0,0,0,0
Mini TradingAgents,adaptive_risk,risk_sl2_tp4,"{""buy_threshold"":0.35,""factor_weight"":0.35,""flow_weight"":0.25,""mean_reversion_weight"":0.35,""model"":null,""momentum_weight"":0.4,""news_weight"":0.15,""risk_weight"":0.15,""sell_threshold"":-0.35,""stop_loss_mult"":2.0,""take_profit_mult"":4.0,""technical_weight"":0.35,""volatility_weight"":0.35}",0.0085453933428989,4.768291741641827,-0.0045696509051862,0.4285714285714285,2.0002297198859686,28,1.0,0.0,False,False,-3.691767528679613e-06,0.0111823881564508,-0.0090338601221486,0.3181818181818182,0.9997356396482452,22,1.0,0.9183072065003406,True,True,-0.0097928656301077,-3.528218805926412,-0.0138613630351016,0.3823529411764705,0.5592320502140004,34,1.0,0.0,False,False,0.005989593929359,4.4799753415774495,-0.0037926951951939,0.3870967741935484,1.944514835085425,31,1.0,0.0,False,False,1.4328076663623288,2.24557886486695,1.0927875414863404,1,1,1,0
Multi-factor model,adaptive_risk,risk_sl1.5_tp2,"{""buy_threshold"":0.35,""factor_weight"":0.35,""flow_weight"":0.25,""mean_reversion_weight"":0.35,""model"":null,""momentum_weight"":0.4,""news_weight"":0.15,""risk_weight"":0.15,""sell_threshold"":-0.35,""stop_loss_mult"":1.5,""take_profit_mult"":2.0,""technical_weight"":0.35,""volatility_weight"":0.35}",0.014158720116179,4.794324880502505,-0.0066612933630184,0.4705882352941176,1.820793516832364,51,1.0,0.05661509116319419,True,True,-0.0012488010054151,-0.3802077147620351,-0.0171471588176772,0.4651162790697674,0.9525190067181794,43,1.0,0.7256278866744974,True,True,-0.0129184723164686,-3.75774752126857,-0.0170717435696566,0.3773584905660377,0.6398557996894083,53,1.0,0.154069231119347,True,True,0.000202197823802,0.1300386965827105,-0.0041860680347574,0.3508771929824561,1.0136664066797283,57,1.0,-0.4381041675078874,False,False,0.19660208526365275,-0.1250845090896623,1.00205531246466,3,3,3,0
Multi-factor model,adaptive_risk,risk_sl1.5_tp3,"{""buy_threshold"":0.35,""factor_weight"":0.35,""flow_weight"":0.25,""mean_reversion_weight"":0.35,""model"":null,""momentum_weight"":0.4,""news_weight"":0.15,""risk_weight"":0.15,""sell_threshold"":-0.35,""stop_loss_mult"":1.5,""take_profit_mult"":3.0,""technical_weight"":0.35,""volatility_weight"":0.35}",0.0139961537807853,4.737709789339311,-0.0066612933630184,0.44,1.7995788762950355,50,1.0,0.0,False,False,-0.0034431391362705,-1.1058356014365325,-0.0171471588176771,0.4523809523809524,0.868936697693879,42,1.0,0.0,False,False,-0.0134829147576288,-3.911816752387917,-0.0176338110473521,0.3773584905660377,0.624173313838649,53,1.0,0.0,False,False,0.0009542794322039,0.5681428640905979,-0.0041089187555409,0.3454545454545454,1.0676298605927457,55,1.0,0.0,False,False,0.07205007490136489,-0.2688463686729673,0.9789291616382129,0,0,0,0
Multi-factor model,adaptive_risk,risk_sl1.5_tp4,"{""buy_threshold"":0.35,""factor_weight"":0.35,""flow_weight"":0.25,""mean_reversion_weight"":0.35,""model"":null,""momentum_weight"":0.4,""news_weight"":0.15,""risk_weight"":0.15,""sell_threshold"":-0.35,""stop_loss_mult"":1.5,""take_profit_mult"":4.0,""technical_weight"":0.35,""volatility_weight"":0.35}",0.0146423069273604,4.955782949521825,-0.0061419083305055,0.4489795918367347,1.8277603685859607,49,1.0,0.21807316018251388,True,True,-0.0015987224636698,-0.4925624973063945,-0.0171471588176777,0.4523809523809524,0.939256801606812,42,1.0,0.613273104130138,True,True,-0.012766428322097,-3.718575411723914,-0.0169987255990442,0.392156862745098,0.6294302763075231,51,1.0,0.19324134066400278,True,True,0.0011481469955041,0.6796474660279966,-0.0041089187555415,0.3518518518518518,1.082175665483356,54,1.0,0.11150460193739875,True,True,0.3560731266298782,0.09354248436080106,1.0154201676264087,4,4,4,0
Multi-factor model,adaptive_risk,risk_sl1_tp2,"{""buy_threshold"":0.35,""factor_weight"":0.35,""flow_weight"":0.25,""mean_reversion_weight"":0.35,""model"":null,""momentum_weight"":0.4,""news_weight"":0.15,""risk_weight"":0.15,""sell_threshold"":-0.35,""stop_loss_mult"":1.0,""take_profit_mult"":2.0,""technical_weight"":0.35,""volatility_weight"":0.35}",0.0104805467249606,3.750738767220768,-0.0066612933630184,0.4509803921568627,1.575936628000821,51,1.0,-0.986971022118543,False,False,-0.0012488010054151,-0.3802077147620351,-0.0171471588176772,0.4651162790697674,0.9525190067181794,43,1.0,0.7256278866744974,True,True,-0.0130047872305127,-3.776640611724583,-0.0171576953027059,0.3703703703703703,0.6383198060086617,54,1.0,0.13517614066333383,True,True,0.000202197823802,0.1300386965827105,-0.0041860680347574,0.3508771929824561,1.0136664066797283,57,1.0,-0.4381041675078874,False,False,-0.06901771567078485,-0.1250845090896623,0.9625109469573448,2,2,2,0
Multi-factor model,adaptive_risk,risk_sl1_tp3,"{""buy_threshold"":0.35,""factor_weight"":0.35,""flow_weight"":0.25,""mean_reversion_weight"":0.35,""model"":null,""momentum_weight"":0.4,""news_weight"":0.15,""risk_weight"":0.15,""sell_threshold"":-0.35,""stop_loss_mult"":1.0,""take_profit_mult"":3.0,""technical_weight"":0.35,""volatility_weight"":0.35}",0.0136859352867955,4.632849004260468,-0.0066612933630184,0.44,1.7682984738952343,50,1.0,-0.10486078507884322,False,False,-0.0034431391362705,-1.1058356014365325,-0.0171471588176771,0.4523809523809524,0.868936697693879,42,1.0,0.0,False,False,-0.0135692292919363,-3.93042495759764,-0.0177197624022625,0.3703703703703703,0.6226751844775208,54,1.0,-0.018608205209723394,False,False,0.0009542794322039,0.5681428640905979,-0.0041089187555409,0.3454545454545454,1.0676298605927457,55,1.0,0.0,False,False,0.04118282732922324,-0.2688463686729673,0.974806162522327,0,0,0,0
Multi-factor model,adaptive_risk,risk_sl1_tp4,"{""buy_threshold"":0.35,""factor_weight"":0.35,""flow_weight"":0.25,""mean_reversion_weight"":0.35,""model"":null,""momentum_weight"":0.4,""news_weight"":0.15,""risk_weight"":0.15,""sell_threshold"":-0.35,""stop_loss_mult"":1.0,""take_profit_mult"":4.0,""technical_weight"":0.35,""volatility_weight"":0.35}",0.0143318907515006,4.850833796534476,-0.0061419083305055,0.4489795918367347,1.7962975308325813,49,1.0,0.11312400719516535,False,True,-0.0015987224636698,-0.4925624973063945,-0.0171471588176777,0.4523809523809524,0.939256801606812,42,1.0,0.613273104130138,True,True,-0.0128528055448201,-3.7375671849622014,-0.0170847325202551,0.3846153846153846,0.6278560764804082,52,1.0,0.1742495674257154,True,True,0.0011481469955041,0.6796474660279966,-0.0041089187555415,0.3518518518518518,1.082175665483356,54,1.0,0.11150460193739875,True,True,0.32508789507346925,0.09354248436080106,1.0110799057823765,4,3,3,0
Multi-factor model,adaptive_risk,risk_sl2_tp2,"{""buy_threshold"":0.35,""factor_weight"":0.35,""flow_weight"":0.25,""mean_reversion_weight"":0.35,""model"":null,""momentum_weight"":0.4,""news_weight"":0.15,""risk_weight"":0.15,""sell_threshold"":-0.35,""stop_loss_mult"":2.0,""take_profit_mult"":2.0,""technical_weight"":0.35,""volatility_weight"":0.35}",0.014158720116179,4.794324880502505,-0.0066612933630184,0.4705882352941176,1.820793516832364,51,1.0,0.05661509116319419,True,True,-0.0012488010054151,-0.3802077147620351,-0.0171471588176772,0.4651162790697674,0.9525190067181794,43,1.0,0.7256278866744974,True,True,-0.0129184723164686,-3.75774752126857,-0.0170717435696566,0.3773584905660377,0.6398557996894083,53,1.0,0.154069231119347,True,True,0.000202197823802,0.1300386965827105,-0.0041860680347574,0.3508771929824561,1.0136664066797283,57,1.0,-0.4381041675078874,False,False,0.19660208526365275,-0.1250845090896623,1.00205531246466,3,3,3,0
Multi-factor model,adaptive_risk,risk_sl2_tp3,"{""buy_threshold"":0.35,""factor_weight"":0.35,""flow_weight"":0.25,""mean_reversion_weight"":0.35,""model"":null,""momentum_weight"":0.4,""news_weight"":0.15,""risk_weight"":0.15,""sell_threshold"":-0.35,""stop_loss_mult"":2.0,""take_profit_mult"":3.0,""technical_weight"":0.35,""volatility_weight"":0.35}",0.0139961537807853,4.737709789339311,-0.0066612933630184,0.44,1.7995788762950355,50,1.0,0.0,False,False,-0.0034431391362705,-1.1058356014365325,-0.0171471588176771,0.4523809523809524,0.868936697693879,42,1.0,0.0,False,False,-0.0134829147576288,-3.911816752387917,-0.0176338110473521,0.3773584905660377,0.624173313838649,53,1.0,0.0,False,False,0.0009542794322039,0.5681428640905979,-0.0041089187555409,0.3454545454545454,1.0676298605927457,55,1.0,0.0,False,False,0.07205007490136489,-0.2688463686729673,0.9789291616382129,0,0,0,0
Multi-factor model,adaptive_risk,risk_sl2_tp4,"{""buy_threshold"":0.35,""factor_weight"":0.35,""flow_weight"":0.25,""mean_reversion_weight"":0.35,""model"":null,""momentum_weight"":0.4,""news_weight"":0.15,""risk_weight"":0.15,""sell_threshold"":-0.35,""stop_loss_mult"":2.0,""take_profit_mult"":4.0,""technical_weight"":0.35,""volatility_weight"":0.35}",0.0146423069273604,4.955782949521825,-0.0061419083305055,0.4489795918367347,1.8277603685859607,49,1.0,0.21807316018251388,True,True,-0.0015987224636698,-0.4925624973063945,-0.0171471588176777,0.4523809523809524,0.939256801606812,42,1.0,0.613273104130138,True,True,-0.012766428322097,-3.718575411723914,-0.0169987255990442,0.392156862745098,0.6294302763075231,51,1.0,0.19324134066400278,True,True,0.0011481469955041,0.6796474660279966,-0.0041089187555415,0.3518518518518518,1.082175665483356,54,1.0,0.11150460193739875,True,True,0.3560731266298782,0.09354248436080106,1.0154201676264087,4,4,4,0
Multi-factor model,multifactor_weights,factor_balanced_vol0.20,"{""buy_threshold"":0.35,""flow_weight"":0.3333333333333333,""mean_reversion_weight"":0.3333333333333333,""momentum_weight"":0.3333333333333333,""sell_threshold"":-0.35,""stop_loss_mult"":1.5,""take_profit_mult"":3.0,""volatility_weight"":0.2}",0.0119675090129838,4.024761511113939,-0.0071459059950631,0.4523809523809524,1.6959920089976994,42,1.0,-0.7129482782253715,False,False,1.243183035715134e-05,0.0210348745010804,-0.0153163223270674,0.4848484848484848,1.000593165914435,33,1.0,1.126870475937613,True,True,-0.0133026353279137,-3.770651420470558,-0.0169481098398912,0.4444444444444444,0.6244050701746083,45,1.0,0.14116533191735892,True,True,-0.0046768562779399,-3.2903913765856267,-0.0080953145262478,0.2894736842105263,0.6478962001285042,38,1.0,-3.8585342406762244,False,False,-0.7538116028602911,-1.6346782510422733,0.9309232821887834,2,2,2,0
Multi-factor model,multifactor_weights,factor_balanced_vol0.35,"{""buy_threshold"":0.35,""flow_weight"":0.3333333333333333,""mean_reversion_weight"":0.3333333333333333,""momentum_weight"":0.3333333333333333,""sell_threshold"":-0.35,""stop_loss_mult"":1.5,""take_profit_mult"":3.0,""volatility_weight"":0.35}",0.0102758038958499,3.1458710723410297,-0.0066612933630184,0.4038461538461538,1.4966813207959129,52,1.0,-1.5918387169982813,False,False,-0.008943019728862,-2.8069439437766674,-0.0212728447940873,0.4222222222222222,0.7133702224111541,45,1.0,-1.701108342340135,False,False,-0.007784782245615,-2.231918137432861,-0.012069642084158,0.3846153846153846,0.7721167694126377,52,1.0,1.6798986149550559,True,True,0.0020967111364016,1.261058147756227,-0.004804761158598,0.3518518518518518,1.1630869843931548,54,1.0,0.6929152836656292,True,True,-0.1579832152780679,-0.48542999483831695,0.955965925392208,2,2,2,0
Multi-factor model,multifactor_weights,factor_balanced_vol0.50,"{""buy_threshold"":0.35,""flow_weight"":0.3333333333333333,""mean_reversion_weight"":0.3333333333333333,""momentum_weight"":0.3333333333333333,""sell_threshold"":-0.35,""stop_loss_mult"":1.5,""take_profit_mult"":3.0,""volatility_weight"":0.5}",0.0043121070205842,1.3417686210663355,-0.0079075370422293,0.3728813559322034,1.1854218160483885,59,1.0,-3.3959411682729757,False,False,-0.0041338167671773,-1.2462270173695005,-0.0178555993069313,0.3725490196078431,0.872457441130546,51,1.0,-0.140391415932968,True,False,-0.0136264126999021,-3.851411319140108,-0.0169287797071396,0.3859649122807017,0.6327091740536638,57,1.0,0.060405433247809004,True,True,0.0027216307314672,1.4991544355371165,-0.0048371510210459,0.3809523809523809,1.1775612473650323,63,1.0,0.9310115714465186,True,True,-0.5641788199765391,0.04777080184841753,0.900767522869147,2,3,2,0
Multi-factor model,multifactor_weights,factor_baseline_vol0.20,"{""buy_threshold"":0.35,""flow_weight"":0.25,""mean_reversion_weight"":0.35,""momentum_weight"":0.4,""sell_threshold"":-0.35,""stop_loss_mult"":1.5,""take_profit_mult"":3.0,""volatility_weight"":0.2}",0.0123831348523799,4.188071535179147,-0.0076663729980428,0.4210526315789473,1.7937776858323458,38,1.0,-0.5496382541601639,False,False,-0.0019122853851508,-0.6708268859311757,-0.0147953475316222,0.46875,0.90980461550569,32,1.0,0.4350087155053568,True,True,-0.0084810881854897,-2.597823822506414,-0.0125003135753741,0.4090909090909091,0.7114022773877523,44,1.0,1.3139929298815027,True,True,-0.0018988259061611,-1.5298106964473264,-0.0055751330023762,0.2857142857142857,0.8163084972691519,35,1.0,-2.097953560537924,False,False,-0.1525974674264422,-1.1003187911892511,1.0011882921035375,2,2,2,0
Multi-factor model,multifactor_weights,factor_baseline_vol0.35,"{""buy_threshold"":0.35,""flow_weight"":0.25,""mean_reversion_weight"":0.35,""momentum_weight"":0.4,""sell_threshold"":-0.35,""stop_loss_mult"":1.5,""take_profit_mult"":3.0,""volatility_weight"":0.35}",0.0139961537807853,4.737709789339311,-0.0066612933630184,0.44,1.7995788762950355,50,1.0,0.0,False,False,-0.0034431391362705,-1.1058356014365325,-0.0171471588176771,0.4523809523809524,0.868936697693879,42,1.0,0.0,False,False,-0.0134829147576288,-3.911816752387917,-0.0176338110473521,0.3773584905660377,0.624173313838649,53,1.0,0.0,False,False,0.0009542794322039,0.5681428640905979,-0.0041089187555409,0.3454545454545454,1.0676298605927457,55,1.0,0.0,False,False,0.07205007490136489,-0.2688463686729673,0.9789291616382129,0,0,0,0
Multi-factor model,multifactor_weights,factor_baseline_vol0.50,"{""buy_threshold"":0.35,""flow_weight"":0.25,""mean_reversion_weight"":0.35,""momentum_weight"":0.4,""sell_threshold"":-0.35,""stop_loss_mult"":1.5,""take_profit_mult"":3.0,""volatility_weight"":0.5}",0.0042732032436847,1.526607874856733,-0.006565761088712,0.4,1.2145834681503689,55,1.0,-3.211101914482578,False,False,-0.0097877440948852,-3.0183763358913778,-0.0203366442178218,0.2941176470588235,0.7253932279361159,51,1.0,-1.9125407344548453,False,False,-0.0124608542462015,-3.584983191935629,-0.0156443331411786,0.3728813559322034,0.6631734081585816,59,1.0,0.32683356045228784,True,True,0.0012177297262012,0.6813584939603957,-0.0048371510210459,0.3492063492063492,1.0744040708492686,63,1.0,0.11321562986979783,True,True,-1.0988482897524694,-1.168508920965491,0.8461442225807386,2,2,2,0
Multi-factor model,multifactor_weights,factor_flow_vol0.20,"{""buy_threshold"":0.35,""flow_weight"":0.5,""mean_reversion_weight"":0.2,""momentum_weight"":0.3,""sell_threshold"":-0.35,""stop_loss_mult"":1.5,""take_profit_mult"":3.0,""volatility_weight"":0.2}",0.0116368980588403,3.359228754601961,-0.0086504056150857,0.44,1.4893726790652413,50,1.0,-1.3784810347373502,False,False,0.0066854526917325,1.8244620367599345,-0.0168929452011021,0.375,1.198082357252482,48,1.0,2.9302976381964667,True,True,-0.0140532702883658,-3.6305589254211728,-0.0234156638062164,0.375,0.6790880526205378,56,1.0,0.28125782696674406,True,True,-0.0011026043118903,-0.5481248350168697,-0.0075493622680727,0.3934426229508196,0.9461534077655472,61,1.0,-1.1162676991074676,False,False,0.25125175773096325,0.6381686008715324,1.0259976549077345,2,2,2,0
Multi-factor model,multifactor_weights,factor_flow_vol0.35,"{""buy_threshold"":0.35,""flow_weight"":0.5,""mean_reversion_weight"":0.2,""momentum_weight"":0.3,""sell_threshold"":-0.35,""stop_loss_mult"":1.5,""take_profit_mult"":3.0,""volatility_weight"":0.35}",0.0050574629441515,1.499569055577422,-0.0070832887134121,0.3448275862068966,1.1939396379598517,58,1.0,-3.238140733761889,False,False,-0.0082294343648459,-2.3200949989893505,-0.0220112181353184,0.2807017543859649,0.7989907294278947,57,1.0,-1.214259397552818,False,False,-0.0121276890573208,-3.2587728285022566,-0.0188235461662356,0.390625,0.7117712107882319,64,1.0,0.6530439238856602,True,True,0.0007753906529022,0.3987724319939897,-0.00680183091624,0.3768115942028985,1.0424550402105888,69,1.0,-0.16937043209660818,False,False,-0.920131584980049,-0.9606612834976804,0.8859575882130685,1,1,1,0
Multi-factor model,multifactor_weights,factor_flow_vol0.50,"{""buy_threshold"":0.35,""flow_weight"":0.5,""mean_reversion_weight"":0.2,""momentum_weight"":0.3,""sell_threshold"":-0.35,""stop_loss_mult"":1.5,""take_profit_mult"":3.0,""volatility_weight"":0.5}",0.0068917201970764,2.0206749210754094,-0.009586519807585,0.3484848484848485,1.2620079608621957,66,1.0,-2.7170348682639016,False,False,-0.0090306311403897,-2.5817378913145834,-0.0190639805570642,0.3,0.783953780510613,60,1.0,-1.475902289878051,False,False,-0.0106116342501526,-2.858376853438293,-0.0152303584255517,0.3970588235294117,0.7475824472476441,68,1.0,1.0534398989496236,True,True,0.0026315776868957,1.3423914090683158,-0.0055035085494337,0.380281690140845,1.1512321969114876,71,1.0,0.7742485449777179,True,True,-0.5192621036522879,-0.6196732411231338,0.9206628781861234,2,2,2,0
Multi-factor model,multifactor_weights,factor_mean_reversion_vol0.20,"{""buy_threshold"":0.35,""flow_weight"":0.2,""mean_reversion_weight"":0.55,""momentum_weight"":0.25,""sell_threshold"":-0.35,""stop_loss_mult"":1.5,""take_profit_mult"":3.0,""volatility_weight"":0.2}",0.0076561949737479,4.694678429223927,-0.0019547358723902,0.4782608695652174,2.550865424244806,23,1.0,-0.04303136011538378,True,False,-0.0003775665192508,-0.2711557017999109,-0.0052942736955413,0.4166666666666667,0.9107040547052178,12,1.0,0.8346798996366216,True,True,-0.008062671586132,-7.603484575926891,-0.0098386150771431,0.2857142857142857,0.2284956324096316,21,1.0,-3.691667823538974,False,False,-0.0008406923003194,-1.2649394707155004,-0.0019467342086408,0.5238095238095238,0.7357833881918621,21,1.0,-1.8330823348060983,False,False,-1.1112253298045938,-0.7680475862577056,0.9287315441821465,1,2,1,0
Multi-factor model,multifactor_weights,factor_mean_reversion_vol0.35,"{""buy_threshold"":0.35,""flow_weight"":0.2,""mean_reversion_weight"":0.55,""momentum_weight"":0.25,""sell_threshold"":-0.35,""stop_loss_mult"":1.5,""take_profit_mult"":3.0,""volatility_weight"":0.35}",0.004385795935232,1.84149460379708,-0.0053175738847398,0.3714285714285714,1.3463588421390935,35,1.0,-2.896215185542231,False,False,-0.0059959817323494,-3.28441678993145,-0.0104389501133215,0.2692307692307692,0.5301127609264616,26,1.0,-2.1785811884949173,False,False,-0.0093522803621893,-3.823678986470659,-0.0162309782750391,0.3513513513513513,0.4942975296178977,37,1.0,0.08813776591725775,False,True,-0.0016329623872145,-1.5862979439359963,-0.0039278221042895,0.4137931034482758,0.7288127988299683,29,1.0,-2.154440808026594,False,False,-1.7132247791352562,-2.435357366933723,0.7477797927284797,1,0,0,0
Multi-factor model,multifactor_weights,factor_mean_reversion_vol0.50,"{""buy_threshold"":0.35,""flow_weight"":0.2,""mean_reversion_weight"":0.55,""momentum_weight"":0.25,""sell_threshold"":-0.35,""stop_loss_mult"":1.5,""take_profit_mult"":3.0,""volatility_weight"":0.5}",0.0028043210800376,1.1590364707188114,-0.0053572337429254,0.3555555555555555,1.184581296254691,45,1.0,-3.5786733186204995,False,False,-0.0031100632667224,-1.3489202694777251,-0.0115980342413671,0.3225806451612903,0.8034713198675183,31,1.0,-0.24308466804119266,False,False,-0.0118231837558339,-4.740696110951794,-0.0181395373473458,0.3636363636363636,0.4288198475555584,44,1.0,-0.8288793585638774,False,False,0.004598392230245,3.182272685221455,-0.0034986784110891,0.4146341463414634,1.5923791143911263,41,1.0,2.614129821130857,True,True,-0.43707680612231337,-0.09494189937945685,0.8733938850005348,1,1,1,0
Multi-factor model,multifactor_weights,factor_momentum_vol0.20,"{""buy_threshold"":0.35,""flow_weight"":0.2,""mean_reversion_weight"":0.25,""momentum_weight"":0.55,""sell_threshold"":-0.35,""stop_loss_mult"":1.5,""take_profit_mult"":3.0,""volatility_weight"":0.2}",0.0179332335044064,5.538477159046474,-0.0075431758930141,0.5,1.9924173607280304,48,1.0,0.8007673697071631,True,True,0.0110005691016186,3.341937652244965,-0.0137238177637573,0.5,1.449790822836312,50,1.0,4.447773253681497,True,True,-0.0121587004042328,-3.843217409130554,-0.0175269530964643,0.4150943396226415,0.6718412963477856,53,1.0,0.06859934325736283,True,True,-0.0001131462883305,-0.0443674204516095,-0.0086913350274433,0.34375,0.9947818566158608,64,1.0,-0.6125102845422074,False,False,1.2482074954273188,1.6487851158966778,1.1645432553763533,3,3,3,0
Multi-factor model,multifactor_weights,factor_momentum_vol0.35,"{""buy_threshold"":0.35,""flow_weight"":0.2,""mean_reversion_weight"":0.25,""momentum_weight"":0.55,""sell_threshold"":-0.35,""stop_loss_mult"":1.5,""take_profit_mult"":3.0,""volatility_weight"":0.35}",0.0133886535197036,4.262946199254905,-0.0095138099516449,0.4107142857142857,1.6374081232491522,56,1.0,-0.4747635900844056,False,False,-0.002392443403916,-0.6498666552060215,-0.0196006305444491,0.3559322033898305,0.9395386403069432,59,1.0,0.455968946230511,True,True,-0.0162368966478057,-4.386580502775414,-0.0229034959998858,0.3943661971830985,0.6458874591563998,71,1.0,-0.47476375038749685,True,False,0.0016179103739939,0.8157183418435779,-0.004997525817008,0.3918918918918919,1.0706490799914483,74,1.0,0.24757547775298006,True,True,0.010554345779262092,0.08292584331877823,0.9719876128176317,2,3,2,0
Multi-factor model,multifactor_weights,factor_momentum_vol0.50,"{""buy_threshold"":0.35,""flow_weight"":0.2,""mean_reversion_weight"":0.25,""momentum_weight"":0.55,""sell_threshold"":-0.35,""stop_loss_mult"":1.5,""take_profit_mult"":3.0,""volatility_weight"":0.5}",0.0073432886292474,2.1417968940064607,-0.0108910433467707,0.373134328358209,1.292143659996798,67,1.0,-2.5959128953328503,False,False,0.0004783439688751,0.1547029712393714,-0.0156751756875505,0.34375,1.0128267124723564,64,1.0,1.260538572675904,True,True,-0.0141342918547301,-3.8446848725626976,-0.018748262462695,0.382716049382716,0.6909447955283524,81,1.0,0.06713187982521918,True,True,0.0011912039938302,0.6090867039789518,-0.0067899325214073,0.3974358974358974,1.0531733044133549,78,1.0,0.04094383988835393,False,True,-0.23477457583447842,0.3818948376091616,0.9607746233903128,3,2,2,0
